
========================================================================
NEWS BATCH RUN  2026-07-04 22:28:33
========================================================================
  Config file:    /home/lv/IDP/idpdeeptech/pipeline/site_input/news.json
  Output root:    news_outputs/
  Documents:      17421
  Workers:        4
  Crawl depth:    0
  Max pages:      1
  Force redo:     False
  Batch log:      /home/lv/IDP/idpdeeptech/pipeline/news_outputs/batch_logs/batch_20260704_222833.log
========================================================================

[1/17421] 2019-12-10 - Amazon Is Primed For Quantum Computing [c071d770]: skipping (already done; pass --force to redo)
[2/17421] 2019-12-10 - Rigetti Quantum Computers Now Available Via Amazon Web Services [ab04ab69]: skipping (already done; pass --force to redo)
[3/17421] 2019-12-12 - Goldman Sachs Partners With Startup To Explore Quantum Fintech [67bf0da8]: skipping (already done; pass --force to redo)
[4/17421] 2019-12-12 - Quantum Basic [5ddcfafe]: skipping (already done; pass --force to redo)
[5/17421] 2019-12-12 - Quantum Computings Hybrid Solution [f73e5a61]: skipping (already done; pass --force to redo)
[6/17421] 2019-12-14 - Vw D Wave Hop On Quantum Computers To Ease Traffic Jams [c12c5266]: skipping (already done; pass --force to redo)
[7/17421] 2019-12-15 - Companies That Use Ai Must Now Consider Quantum Ai [e2ca29de]: skipping (already done; pass --force to redo)
[8/17421] 2020-01-14 - Quantum Key Distribution A Safehouse For Banking [a63c6686]: skipping (already done; pass --force to redo)
[9/17421] 2020-01-14 - Ibm Committed To Moving Quantum Computers Out Of The Lab And Into Main Street [f1a8b498]: skipping (already done; pass --force to redo)
[10/17421] 2020-01-14 - Quantum Computing Takes To The Skies [59a0d78b]: skipping (already done; pass --force to redo)
[11/17421] 2020-01-25 - Captivating Italian Design Meets The Quantum Computer [73761530]: skipping (already done; pass --force to redo)
[12/17421] 2020-01-25 - Heisenberg By Name Heisenberg By Nature [ee146ecf]: skipping (already done; pass --force to redo)
[13/17421] 2020-01-25 - U S Department Of Energy To Fund Quantum Computer Research [5823dce6]: skipping (already done; pass --force to redo)
[14/17421] 2020-01-25 - The Headhunter The Headhunted 2 [d6564880]: skipping (already done; pass --force to redo)
[15/17421] 2020-01-25 - Princeton Scientists Create Way For Quantum Chips To Communicate Over Relatively Vast Distances [4596c6f5]: skipping (already done; pass --force to redo)
[16/17421] 2020-01-25 - Could Quantum Computing Help Reverse Climate Change [9eb3ded9]: skipping (already done; pass --force to redo)
[17/17421] 2020-01-25 - Intels New Chip May Make Quantum Computers Commercially Viable [01a44594]: skipping (already done; pass --force to redo)
[18/17421] 2020-01-25 - Startup Claims Quantum Data Protection Doesnt Need To Be Costly [38d6234b]: skipping (already done; pass --force to redo)
[19/17421] 2020-01-25 - Harvard Study Quantum Computing Research [4b31567b]: skipping (already done; pass --force to redo)
[20/17421] 2020-01-25 - Tqd Exclusive Interview With Q Lion Founder Andrea Rodriguez Blanco [83643a32]: skipping (already done; pass --force to redo)
[21/17421] 2020-01-25 - Super Fast Light Switch Could Turn On Quantum Computers Start Up Self Driving Cars [e90a0e40]: skipping (already done; pass --force to redo)
[22/17421] 2020-01-25 - Fermilabs New Institute To Probe Ways To Improve Quantum Computing [31d3dd7c]: skipping (already done; pass --force to redo)
[23/17421] 2020-01-25 - New Test May Mean Quantum Computers Can Check Their Own Work [c36bd262]: skipping (already done; pass --force to redo)
[24/17421] 2020-01-25 - New Technique Helps To Sort Out A Quantum Internet [2c05a7d1]: skipping (already done; pass --force to redo)
[25/17421] 2020-01-25 - Super Small Quantum Chip Designed To Thwart Hackers [ef5a801a]: skipping (already done; pass --force to redo)
[26/17421] 2020-01-25 - Colombia Enters The Quantum Computer Space [fccf6eb5]: skipping (already done; pass --force to redo)
[27/17421] 2020-01-25 - Aqt University Of Innsbruck Adopt Ibms Qiskit Quantum Software Development Kit [30383235]: skipping (already done; pass --force to redo)
[28/17421] 2020-01-25 - As Supremacy Debate Continues Google Ceo Expects Quantum Applications In A Decade [c81b11da]: skipping (already done; pass --force to redo)
[29/17421] 2020-01-25 - Happy New Year 8 Predictions For Quantum Computing In 2020 [997e7b6f]: skipping (already done; pass --force to redo)
[30/17421] 2020-01-25 - More Better Cheaper Scientist Forecasts A Post Quantum Supremacy Future [e8570d19]: skipping (already done; pass --force to redo)
[31/17421] 2020-01-25 - Polands Vibrant Qc Representative [fb58cd18]: skipping (already done; pass --force to redo)
[32/17421] 2020-01-25 - Eyes Wide Shut To The Inevitable [1af19066]: skipping (already done; pass --force to redo)
[33/17421] 2020-01-25 - 3 Ways Quantum Computing Could Change Financial Technology Forever [e83150aa]: skipping (already done; pass --force to redo)
[34/17421] 2020-01-25 - Quantum Computing Pioneers Must Throw Heavy Friggin Metal Balls At A Window [84f718c6]: skipping (already done; pass --force to redo)
[35/17421] 2020-01-25 - Panelists Financial Companies Will Be Among The First To Benefit From Quantum Tech [815c3270]: skipping (already done; pass --force to redo)
[36/17421] 2020-01-25 - Quantum Supremacy Are We At The End Of The Beginning [44029cbb]: skipping (already done; pass --force to redo)
[37/17421] 2020-01-25 - Trust But Verify Why Variational Quantum Unsampling Matters [8da9e8e5]: skipping (already done; pass --force to redo)
[38/17421] 2020-01-25 - Researchers Master Chip To Chip Quantum Teleportation In A Silicon Chip [83d08e75]: skipping (already done; pass --force to redo)
[39/17421] 2020-01-25 - New Method May Help Quantum Algorithms Take A Walk On The Random Side [12658a66]: skipping (already done; pass --force to redo)
[40/17421] 2020-01-25 - Research Paves The Way For Simulating Quantum Systems [9767939c]: skipping (already done; pass --force to redo)
[41/17421] 2020-01-25 - University Of Waterloo Launches Program To Deploy Industry Driven Quantum Technologies [424801c7]: skipping (already done; pass --force to redo)
[42/17421] 2020-01-25 - Tqd Q And A Planting The Seeds For A Grassroots Quantum Computing Revolution [cef19f8f]: skipping (already done; pass --force to redo)
[43/17421] 2020-01-25 - Apples To Qubits New Standardization Method Will Help Compare Quantum Platforms [71ecfaab]: skipping (already done; pass --force to redo)
[44/17421] 2020-01-25 - Qubits May Need To Poll The Audience To Arrive At Solutions [6f246708]: skipping (already done; pass --force to redo)
[45/17421] 2020-01-25 - Researchers Take A Quantum Simulator For A Spin Through Spacetime [a1ad307e]: skipping (already done; pass --force to redo)
[46/17421] 2020-01-25 - Superconducting Material Could Make Quantum Computers Super Useful [0eadd999]: skipping (already done; pass --force to redo)
[47/17421] 2020-01-25 - Quantum Computers On The Go [198ada3f]: skipping (already done; pass --force to redo)
[48/17421] 2020-01-25 - Polaritons Possible Answer To Quantum Computing Dilemma [ceff8342]: skipping (already done; pass --force to redo)
[49/17421] 2020-01-25 - Quantum Computing Under Hype Cycle And Market Clock Scrutiny [11930c47]: skipping (already done; pass --force to redo)
[50/17421] 2020-01-26 - Presenting The 12 Quantum Gifts Of Christmas [30b89d53]: skipping (already done; pass --force to redo)
[51/17421] 2020-01-26 - Five Or Six Industries That Will Feel The Impact Of Quantum Computings First Wave Of Disruption [8812705b]: skipping (already done; pass --force to redo)
[52/17421] 2020-01-26 - Microsoft Opens New Doors Or Windows To The Quantum Cloud [01004a0e]: skipping (already done; pass --force to redo)
[53/17421] 2020-01-30 - Quantum Computing Concerns Cryptocurrencies [3e1bb9b7]: skipping (already done; pass --force to redo)
[54/17421] 2020-02-02 - Indiana Universitys New Center Will Develop Technologies Materials For Quantum Revolution [585f65a0]: skipping (already done; pass --force to redo)
[55/17421] 2020-02-03 - Tqd Exclusive Interview With Eeroq Ceo Nicholas Farina [48d13bdd]: skipping (already done; pass --force to redo)
[56/17421] 2020-02-04 - Existing Technology May Precisely Control Qubits Made From Calcium And Strontium Ions [6e6ba17b]: skipping (already done; pass --force to redo)
[57/17421] 2020-02-05 - Googles Secret Quantum Project Team X Working On Something Special [08cdd39f]: skipping (already done; pass --force to redo)
[58/17421] 2020-02-10 - Ais Quantum Predictions May Help Deliver Quantum Advantage [536e5c45]: skipping (already done; pass --force to redo)
[59/17421] 2020-02-11 - Ibm Invests In Cambridge Quantum Computing [fc464846]: skipping (already done; pass --force to redo)
[60/17421] 2020-02-12 - Artificial Atoms Create Stable Qubits For Quantum Computing [53693f11]: skipping (already done; pass --force to redo)
[61/17421] 2020-02-13 - Chinese Scientists Smash Quantum Entanglement Record [0ff27f11]: skipping (already done; pass --force to redo)
[62/17421] 2020-02-15 - The Quantum Weekly Smashing Entanglement Records And Building Quantum Computers With Godlike Powers [0a6a0c0c]: skipping (already done; pass --force to redo)
[63/17421] 2020-02-22 - The Quantum Weekly Stronger Together Classical And Quantum Measurements United [9b3419d1]: skipping (already done; pass --force to redo)
[64/17421] 2020-02-26 - D Wave Debuts Leap 2 The Next Version Of Its Quantum Cloud Service [6d6b8366]: skipping (already done; pass --force to redo)
[65/17421] 2020-03-02 - Cambridge Quantum Computing Joins Cern In Using Quantum Tech To Explore Particle Physics [f7bfe641]: skipping (already done; pass --force to redo)
[66/17421] 2020-03-04 - How Quantum Computers Could [2b5e4ac1]: skipping (already done; pass --force to redo)
[67/17421] 2020-03-06 - The Quantum Daily Teams Up With H Bar To Help Companies Get Quantum Ready [85236502]: skipping (already done; pass --force to redo)
[68/17421] 2020-03-09 - Quantum Winter Is The Red Hot Quantum Startup Space About To Turn Ice Cold [c1fdee67]: skipping (already done; pass --force to redo)
[69/17421] 2020-03-12 - Engineers Crack Quantum Puzzle Could Lead To A Treasure Trove Of Applications [0a212ac8]: skipping (already done; pass --force to redo)
[70/17421] 2020-03-14 - The Quantum Weekly Why Isnt Venture Capital Hunting Quantum Unicorns [98fadf60]: skipping (already done; pass --force to redo)
[71/17421] 2020-03-16 - Pr Crisis Communication Guide For Quantum Startups [3df9cfb4]: skipping (already done; pass --force to redo)
[72/17421] 2020-03-17 - Google Releases Tensorflow Quantum [1ff39a23]: skipping (already done; pass --force to redo)
[73/17421] 2020-03-18 - Novel Qubit Design Could Lead To Quantum Computers That Work At Room Temperature [f97b486f]: skipping (already done; pass --force to redo)
[74/17421] 2020-03-23 - Scientists Set Benchmark For Quantum Supremacy In Chemistry [41b96a9c]: skipping (already done; pass --force to redo)
[75/17421] 2020-03-24 - Tqd Announces Recruitment Partnership With Tekna Search [99ffc8a6]: skipping (already done; pass --force to redo)
[76/17421] 2020-03-25 - Darpas 2 1 Million Grant To Boost Quantum Algorithm Research At Lehigh University [e47ec092]: skipping (already done; pass --force to redo)
[77/17421] 2020-03-25 - Tqd Exclusive Interview With Gemma Milne Author Of Smoke And Mirrors [9ec6c7fe]: skipping (already done; pass --force to redo)
[78/17421] 2020-03-26 - Scientists Turn A Quantum Computer Into A Time Machine At Least For A Second [137bd8d1]: skipping (already done; pass --force to redo)
[79/17421] 2020-03-26 - Rigetti Computing Wins 8 6 Million Darpa Grant To Demonstrate Practical Quantum Computing [351f1e94]: skipping (already done; pass --force to redo)
[80/17421] 2020-03-27 - Cqcs Press Release Tket A Retargetable Compiler For Nisq Devices [1c27d4fc]: skipping (already done; pass --force to redo)
[81/17421] 2020-03-29 - Quantum Sensor Could Detect Signals Across The Entire Radio Spectrum [271e4554]: skipping (already done; pass --force to redo)
[82/17421] 2020-03-31 - D Wave Offers Free Quantum Cloud Access For Covid 19 Projects [b88d830f]: skipping (already done; pass --force to redo)
[83/17421] 2020-04-01 - Researchers Take Another Step Toward Making Quantum Circuits More Efficient [70b43c21]: skipping (already done; pass --force to redo)
[84/17421] 2020-04-02 - Business Executives Gain Interest In Quantum Technologies [85a644c0]: skipping (already done; pass --force to redo)
[85/17421] 2020-04-06 - Quantum Hardware And Software Startups Combine Forces To Bring On Quantum Future [f3dbaa68]: skipping (already done; pass --force to redo)
[86/17421] 2020-04-09 - European Research Team Plans To Build A Better Quantum Annealer [ac9ec258]: skipping (already done; pass --force to redo)
[87/17421] 2020-04-10 - Cambridge Quantum Computing And Total To Collaborate On Quantum Algorithms Aimed At Managing Carbon [6dad705b]: skipping (already done; pass --force to redo)
[88/17421] 2020-04-11 - Ibm National University Of Singapore To Partner On Quantum Computing Applications Training [9e1c9530]: skipping (already done; pass --force to redo)
[89/17421] 2020-04-16 - Qunnect Awarded 1 5 Million Grant To Develop Long Distance Quantum Communication [0ca5215d]: skipping (already done; pass --force to redo)
[90/17421] 2020-04-16 - Qc Ware Wins Bpifrance Award To Accelerate Quantum Machine Learning In France [a5d6001f]: skipping (already done; pass --force to redo)
[91/17421] 2020-04-16 - Thats Hot Intel Qutech Demonstrate Path To Controlling Qubits In Warm Temps [c43aa1e4]: skipping (already done; pass --force to redo)
[92/17421] 2020-04-19 - Archer Makes Quantum Computer Development A Company Priority [91b84dc4]: skipping (already done; pass --force to redo)
[93/17421] 2020-04-20 - Cambridge Quantum Computing Announces Latest Release Of Quantum Software Platform [7c4298cf]: skipping (already done; pass --force to redo)
[94/17421] 2020-04-22 - Quantum Computing Pioneers Sound An Optimistic Note On State Of Industry [3adf9459]: skipping (already done; pass --force to redo)
[95/17421] 2020-04-23 - University Of Arizona Researchers Hone In On Quantum Gps New Technologies [e9735bb5]: skipping (already done; pass --force to redo)
[96/17421] 2020-04-28 - Quantum Machine Learning With Support Vector Machines [173d94a6]: skipping (already done; pass --force to redo)
[97/17421] 2020-04-28 - Quantum Grants More Than A 100 Million In Funds For Quantum Tech Education [cb345658]: skipping (already done; pass --force to redo)
[98/17421] 2020-05-01 - Googles John Martinis Says Personality Research Styles Led To Resignation [fd63d4b4]: skipping (already done; pass --force to redo)
[99/17421] 2020-05-04 - Pasqal Implements Cirq To Bring Arrays Of Atoms To Quantum Computing Software Developers [cfa0cf38]: skipping (already done; pass --force to redo)
[100/17421] 2020-05-04 - Partnership Studying Quantum Computers For Creating Credit Scores For Trade Finance [93645fd7]: skipping (already done; pass --force to redo)
[101/17421] 2020-05-04 - Selling Quantum Technology [00f5ebad]: skipping (already done; pass --force to redo)
[102/17421] 2020-05-05 - Researchers See Path To Quantum Computing At Room Temperature [7963ad1c]: skipping (already done; pass --force to redo)
[103/17421] 2020-05-06 - Quantum Computers May Have Achieved Supremacy In Energy Efficiency Too [f50d9fde]: skipping (already done; pass --force to redo)
[104/17421] 2020-05-07 - Ibm Now Has 18 Quantum Computers On The Ibm Cloud [6ffb6e13]: skipping (already done; pass --force to redo)
[105/17421] 2020-05-13 - Entropica Labs Lands 1 8 Million In Venture Funding [8233ec6f]: skipping (already done; pass --force to redo)
[106/17421] 2020-05-14 - Quantum Motion Technologies Locks In 8 0 Million In Series A Round Investment [cab0648f]: skipping (already done; pass --force to redo)
[107/17421] 2020-05-14 - Ionq Ceo Strong Ai Will Likely Be Quantum Ai Dammit [52ee04a0]: skipping (already done; pass --force to redo)
[108/17421] 2020-05-16 - Australias National Science Agency Csiro Launches Quantum Technology Roadmap [63d9bafd]: skipping (already done; pass --force to redo)
[109/17421] 2020-05-17 - Quantfi Selected For Prestigious French Accelerator Program [57128db1]: skipping (already done; pass --force to redo)
[110/17421] 2020-05-18 - The Importance Of Uncomputation Is Quantum Mechanics Reversible [d74a5769]: skipping (already done; pass --force to redo)
[111/17421] 2020-05-20 - Quantum Computing Now Podcast Episode 13 Interview With Anastasia Marchenkova [ce6cea4d]: skipping (already done; pass --force to redo)
[112/17421] 2020-05-25 - Tqd Exclusive Interview With Quantum Physicist Amara Katabarwa Of Zapata Computing [057a3e25]: skipping (already done; pass --force to redo)
[113/17421] 2020-05-25 - A Quantum Smartphone Samsung And Sk Telecom Super Secured By Id Quantiques Quantum Chip [85a753c5]: skipping (already done; pass --force to redo)
[114/17421] 2020-05-28 - U S Legislation Would Mandate Study Of Quantum Computing Qc Ecosystem [4b8f56aa]: skipping (already done; pass --force to redo)
[115/17421] 2020-05-31 - Tqd Exclusive Qc Ware Combines The Innovative Drive Of A Deep Tech Firm With Customer Focus Of A Saw Mill [945f9744]: skipping (already done; pass --force to redo)
[116/17421] 2020-06-03 - Japans Global Aisin Group Enlists Qc Ware For Joint Quantum Computing Research For The Automotive Industry [c211e181]: skipping (already done; pass --force to redo)
[117/17421] 2020-06-04 - Finlands Quantum First Vtt To Acquire Finlands First Quantum Computer [41570d6d]: skipping (already done; pass --force to redo)
[118/17421] 2020-06-08 - Qci Says Quantum Software Achieved Best In Class Performance [9deda02b]: skipping (already done; pass --force to redo)
[119/17421] 2020-06-09 - University Of Sydney Researcher Uses Timely Trick To Improve Quantum Error Correcting Code [8b83efd6]: skipping (already done; pass --force to redo)
[120/17421] 2020-06-15 - Iqm Receives Up To 17 5 Million Euros In Funding From European Commission Accelerator [c2746933]: skipping (already done; pass --force to redo)
[121/17421] 2020-06-16 - Aqt Awarded As Technology Pioneer By World Economic Forum [cefcc1ac]: skipping (already done; pass --force to redo)
[122/17421] 2020-06-16 - Quantum Intuition Dojo [4356841e]: skipping (already done; pass --force to redo)
[123/17421] 2020-06-19 - Honeywell Claims The Worlds Highest Performing Quantum Computer Is Here [a8a829e0]: skipping (already done; pass --force to redo)
[124/17421] 2020-06-22 - Tqd Exclusive 22 Quantum Computing Executives Shaping The Industry [a51b22e6]: skipping (already done; pass --force to redo)
[125/17421] 2020-06-22 - Hqss Quantum Assisted Design Toolbox Aimed At Unlocking Currently Impossible Simulation Capabilities [a208f10e]: skipping (already done; pass --force to redo)
[126/17421] 2020-06-23 - Quantum Computing Now Podcast Episode 14 Quantum Intuition [6dc6e93c]: skipping (already done; pass --force to redo)
[127/17421] 2020-06-24 - The Coming Quantum App Store For Qc Programmers [12822389]: skipping (already done; pass --force to redo)
[128/17421] 2020-06-25 - Darpa Challenge May Boost Quantum Value Of Nisq Devices [ab51575f]: skipping (already done; pass --force to redo)
[129/17421] 2020-06-26 - Usc Lockheed Martins Qcc Will Upgrade To D Waves Forthcoming 5000 Qubit Advantage System [4862cd31]: skipping (already done; pass --force to redo)
[130/17421] 2020-06-28 - John Preskill Joins Amazon To Advance Quantum Computing [e41fe2ab]: skipping (already done; pass --force to redo)
[131/17421] 2020-07-02 - Jp Morgan Chase Unleashes Honeywells Quantum Computer On Tough Fintech Problems [7fe18806]: skipping (already done; pass --force to redo)
[132/17421] 2020-07-04 - Spooqy Action At A Distance Quantum Entanglement Demonstrated Aboard Orbiting Cubesat [1cdb470f]: skipping (already done; pass --force to redo)
[133/17421] 2020-07-09 - Quantum Technology Startup Q Ctrl Announces Global Rd Partnership With Advanced Navigation [c218e645]: skipping (already done; pass --force to redo)
[134/17421] 2020-07-14 - Standard Chartered And Universities Space Research Association Partner On Quantum Computing [602668ff]: skipping (already done; pass --force to redo)
[135/17421] 2020-07-18 - Book Review Can Quantum Computing And Blockchain Just Get Along [99a255e6]: skipping (already done; pass --force to redo)
[136/17421] 2020-07-21 - Qc Ware Races Ahead With Research Into Quantum Machine Learning Algorithms [27f354ab]: skipping (already done; pass --force to redo)
[137/17421] 2020-07-23 - Tqd Exclusive Interview Quantum Pioneer John Martinis Still Wants To Build Quantum Computers And Make Them More Powerful [10fda915]: skipping (already done; pass --force to redo)
[138/17421] 2020-07-23 - Nsf Spends 75 Million To Establish New Quantum Information Science Institutes [7e19292b]: skipping (already done; pass --force to redo)
[139/17421] 2020-07-24 - Cqt Singapore Conduit For Quantum Information Sciences [cbb46393]: skipping (already done; pass --force to redo)
[140/17421] 2020-07-26 - The U S Department Of Energy Unveiled A Blueprint Strategy To Develop A National Quantum Internet And Ushering In A New Era Of Communications [b4aeaae1]: skipping (already done; pass --force to redo)
[141/17421] 2020-07-31 - Tqd Exclusive Quantum Computing Must Be People Powered Not Just Quantum Powered Says Horizon Quantum Computings Ceo [dd415252]: skipping (already done; pass --force to redo)
[142/17421] 2020-08-02 - Method Could Help Predict Properties Of Complex Quantum Systems [2a5c1bd2]: skipping (already done; pass --force to redo)
[143/17421] 2020-08-03 - Giant Atoms May Create All In One Quantum Processing And Communication [3f1b296f]: skipping (already done; pass --force to redo)
[144/17421] 2020-08-03 - Craft Prospect Will Lead A Consortium To Explore Cubesat Augmented Quantum Key Distribution Services [84780583]: skipping (already done; pass --force to redo)
[145/17421] 2020-08-05 - Quantum Computing Survey [c3d97453]: skipping (already done; pass --force to redo)
[146/17421] 2020-08-07 - U S Launches National Quantum Education Partnership With Industry And Academic Leaders [56576027]: skipping (already done; pass --force to redo)
[147/17421] 2020-08-09 - Trashed 8 [2afc97cf]: skipping (already done; pass --force to redo)
[148/17421] 2020-08-10 - Nsf Rolls Out Beta Quantum Site To Help U S Get Quantum Ready [36843c37]: skipping (already done; pass --force to redo)
[149/17421] 2020-08-10 - Oxford Instruments Plasma Technology Joins Quantum Foundry At Ucsb [264e342e]: skipping (already done; pass --force to redo)
[150/17421] 2020-08-11 - Archer Materials Reports Its Successfully Built Quantum Devices For Qubit Control [3b6813c8]: skipping (already done; pass --force to redo)
[151/17421] 2020-08-13 - Tqd Exclusive Unitary Fund Team Pushes For An Open Qc Industry That Benefits The Most People [2569de4e]: skipping (already done; pass --force to redo)
[152/17421] 2020-08-14 - Quantum Computing Now Podcast Episode 17 Interview With Unitary Funds Nathan Shammah [0a45cf50]: skipping (already done; pass --force to redo)
[153/17421] 2020-08-15 - Evolutionq Awarded Contribution From Canada Space Agency For Quantum Key Distribution Network Research And Development [4b3e58f9]: skipping (already done; pass --force to redo)
[154/17421] 2020-08-18 - Aws Announces General Availability Of Its Quantum Algorithm Design Service [4cd6d5da]: skipping (already done; pass --force to redo)
[155/17421] 2020-08-20 - University Of Maryland Initiative Strives For Global Impact In Creating Translational Technologies [cd71b240]: skipping (already done; pass --force to redo)
[156/17421] 2020-08-20 - Ibm Says Company Achieved Highest Quantum Volume To Date [7a32b4eb]: skipping (already done; pass --force to redo)
[157/17421] 2020-08-24 - Algorithm May Be Able To Predict Power Of Early Quantum Computers [75fd2aa4]: skipping (already done; pass --force to redo)
[158/17421] 2020-08-25 - Calculating The Benefits Of Exascale And Quantum Computers [76863b6a]: skipping (already done; pass --force to redo)
[159/17421] 2020-08-26 - Open Access Qc Initiative Hopes For Public Global Ecosystem In Quantum Technologies By Mid Decade [082294f8]: skipping (already done; pass --force to redo)
[160/17421] 2020-08-26 - Fermilab Leads Partnership To Create 115 Million National Quantum Information Science Research Center To Build Revolutionary Quantum Computer [142cca7a]: skipping (already done; pass --force to redo)
[161/17421] 2020-08-27 - Intel Collaborates With Argonne National Laboratory Doe In Q Next Quantum Computing Research [6fd03609]: skipping (already done; pass --force to redo)
[162/17421] 2020-08-27 - Researchers Say Theyre On A Path To Build Powerful And Practical Quantum Computer [7a50867e]: skipping (already done; pass --force to redo)
[163/17421] 2020-08-29 - Seeqc Selected For 150K Phase I Award By Air Force Research Laboratory [7bedd5fa]: skipping (already done; pass --force to redo)
[164/17421] 2020-08-31 - Tqd Exclusive Review Of The Department Of Energys Qis Research Centres [9cee56e0]: skipping (already done; pass --force to redo)
[165/17421] 2020-09-02 - The Virtual Quantum Computing Summit In London Opens Today [462cab60]: skipping (already done; pass --force to redo)
[166/17421] 2020-09-03 - Xanadu Releases Worlds First Photonic Quantum Computer In The Cloud [03f2ad07]: skipping (already done; pass --force to redo)
[167/17421] 2020-09-05 - Research Group Gate42 Is Putting Armenia On The Qc Map [c07afd11]: skipping (already done; pass --force to redo)
[168/17421] 2020-09-08 - Innovare Advancement Center Announces 18 Teams Qualified For 1 Million In Basic Research Funding Awards From The Million Dollar International Quantum U Tech Accelerator [1bb059c1]: skipping (already done; pass --force to redo)
[169/17421] 2020-09-09 - Q Ctrl And Quantum Machines Announce Partnership To Accelerate Quantum Computing Development [3c6cb5d9]: skipping (already done; pass --force to redo)
[170/17421] 2020-09-14 - Unifying Classical Physics And Quantum Physics [203bad2b]: skipping (already done; pass --force to redo)
[171/17421] 2020-09-20 - Quantum Computing Now Podcast Episode 12 Interview With Junye Huang [3b769fcf]: skipping (already done; pass --force to redo)
[172/17421] 2020-09-20 - Quantum Computing Now Podcast Episode 16 Interview With Johan Vos [ab94e0df]: skipping (already done; pass --force to redo)
[173/17421] 2020-09-20 - Quantum Computing Now Podcast Episode 15 Anisha Musti Quantum Machine Learning [62724bd2]: skipping (already done; pass --force to redo)
[174/17421] 2020-11-10 - Quantum Computing Now Podcast Episode 23 Travis Scholten And News From Ieee Quantum Week [8e4cd56e]: skipping (already done; pass --force to redo)
[175/17421] 2020-11-29 - Tenish Non Tech Non Quantum Companies That Are Set To Seize Quantum Advantage [5bbefee7]: skipping (already done; pass --force to redo)
[176/17421] 2020-12-03 - Quantum Computing Now Podcast Episode 24 Amir Naveh And Quantum Volume [c207aa1e]: skipping (already done; pass --force to redo)
[177/17421] 2020-12-20 - Quantum Computing Now Podcast Episode 25 David Gunnarsson And Dilution Refridgerators [e3a80e5c]: skipping (already done; pass --force to redo)
[178/17421] 2021-01-14 - A Learning Journey To Replicating Quantum Projects [4202f2db]: skipping (already done; pass --force to redo)
[179/17421] 2021-01-14 - Lets Turn The Qubits Off [d0bf7ee8]: skipping (already done; pass --force to redo)
[180/17421] 2021-01-14 - The Best Stack For Exploring Quantum Computing [6799fe4b]: skipping (already done; pass --force to redo)
[181/17421] 2021-01-24 - Quantum Computing Now Podcast Episode 26 Mike Strike And The Quantum Resistant Ledger [8c781d41]: skipping (already done; pass --force to redo)
[182/17421] 2021-07-26 - Tqd Exclusive Coldquanta Masters Cold Atoms The Oldest New Kid On The Block In Quantum Computing To Power Quantum Scalability [d469ed28]: skipping (already done; pass --force to redo)
[183/17421] 2021-10-08 - Bob Sorensen Senior Vp Of Research At Hyperion Research The Qubit Guys Podcast Episode 2 [77d2116e]: skipping (already done; pass --force to redo)
[184/17421] 2021-10-08 - Ian Mason Ai And Quantum Tech Strategist The Qubit Guys Podcast Episode 1 [707d1af0]: skipping (already done; pass --force to redo)
[185/17421] 2021-10-14 - Prof Robert Wille Design Automation Through The Ages The Qubit Guys Podcast Episode 4 [c48a1cca]: skipping (already done; pass --force to redo)
[186/17421] 2021-10-29 - Itan Barmes Quantum Lead At Deloitte Nederland The Qubit Guys Podcast Episode 6 [00adff4e]: skipping (already done; pass --force to redo)
[187/17421] 2022-01-11 - Crypto Agility Alert Ahead Of Quantum Threat [ab0c9f14]: skipping (already done; pass --force to redo)
[188/17421] 2022-01-22 - Quantum Computing Now Podcast Episode 21 Michal Stechly And Qosf [16bb8216]: skipping (already done; pass --force to redo)
[189/17421] 2022-01-31 - Silex Systems Teams Up With Unsw On Silicon Enrichment Project For Quantum Computing [d842e82f]: skipping (already done; pass --force to redo)
[190/17421] 2022-01-31 - Quantum Computing Now Amira Abbas On Qiskit Camp [64612016]: skipping (already done; pass --force to redo)
[191/17421] 2022-01-31 - Quantum Computing Now Podcast Episode 18 Interview With Peter Johnson From Zapata Computing [2dd05cf6]: skipping (already done; pass --force to redo)
[192/17421] 2022-01-31 - Quantum Computing Now Podcast Episode 20 John Prisco And Quantum Cryptography [961a5332]: skipping (already done; pass --force to redo)
[193/17421] 2022-02-02 - Quantum Computing Now Podcast Episode 19 Interview With Dr Zlatko Minev [b69cdf46]: skipping (already done; pass --force to redo)
[194/17421] 2022-02-02 - Konstantinos Karagiannis Head Of Quantum Computing Services At Protiviti The Qubit Guys Podcast Episode 3 [4288d4ca]: skipping (already done; pass --force to redo)
[195/17421] 2022-02-02 - Santanu Ganguly Author And Systems Architect Cisco The Qubit Guys Podcast Episode 5 [d0a40767]: skipping (already done; pass --force to redo)
[196/17421] 2022-02-02 - Speedy Two Qubit Gates With Ethan Hansen [47191509]: skipping (already done; pass --force to redo)
[197/17421] 2022-02-02 - Interview With Ibm Researcher Dr James Wootton [c51788b9]: skipping (already done; pass --force to redo)
[198/17421] 2022-02-02 - Googles Quantum Computer Leader Makes Natures 2019 Top Moments In Science [e092322e]: skipping (already done; pass --force to redo)
[199/17421] 2022-02-12 - Super Fast Switch May Lead To Better Faster Quantum Tech [769ed38f]: skipping (already done; pass --force to redo)
[200/17421] 2022-02-15 - Alibabas Tech Visionary Quantum Computing Entering A Critical Period [f77b1f21]: skipping (already done; pass --force to redo)
[201/17421] 2022-02-24 - The Quantum Daily Launches Fully Integrated Job Board Land Your Dream Job Or Find Your Dream Employee [f234f39a]: skipping (already done; pass --force to redo)
[202/17421] 2022-02-24 - Controlling Qubits With Microwave Pulses Reduces Quantum Computer Error Rates Increases Efficiency [065f5c72]: skipping (already done; pass --force to redo)
[203/17421] 2022-02-24 - University Of Wisconsin Students Dive Into Quantum Computing Masters Degree [312b10f1]: skipping (already done; pass --force to redo)
[204/17421] 2022-02-24 - Researchers Develop Benchmark To Better Measure Quantum Performance [da2a46f4]: skipping (already done; pass --force to redo)
[205/17421] 2022-02-24 - Ibm Doubles The Power Of Its Quantum Computer [a676fd40]: skipping (already done; pass --force to redo)
[206/17421] 2022-02-24 - Daimler Ag Plugs Into Ibms Quantum Computer To Boost Electric Vehicles [cdc864f1]: skipping (already done; pass --force to redo)
[207/17421] 2022-02-24 - Quantum Computing The Future Of Food [365cbdf3]: skipping (already done; pass --force to redo)
[208/17421] 2022-02-24 - University Of Sheffield Launches Quantum Center To Develop Technologies [2a41084a]: skipping (already done; pass --force to redo)
[209/17421] 2022-02-24 - Quantum Computing Now Quantum Fight 2019 [c81f3aa6]: skipping (already done; pass --force to redo)
[210/17421] 2022-02-24 - Princeton Building Partnerships Establishing Foundation To Be World Leader In Quantum Computing [108cd4ea]: skipping (already done; pass --force to redo)
[211/17421] 2022-02-24 - Tweaking Existing Telecommunications Gear Could Help Quantum Communication Research [b3af7a67]: skipping (already done; pass --force to redo)
[212/17421] 2022-02-24 - Strange Metal That Entangled Billions Of Electrons Could Foster Better Quantum Computer Design [69ef744d]: skipping (already done; pass --force to redo)
[213/17421] 2022-02-24 - Quantum Computers Offer Another Look At Classic Physics Concepts [618db78c]: skipping (already done; pass --force to redo)
[214/17421] 2022-02-27 - University Of Marylands Quantum Alliance Sets Mission To Make A Quantum Ready Society [87e0a4fd]: skipping (already done; pass --force to redo)
[215/17421] 2022-02-28 - Zapata Computing Accelerates Challenging Computational Solutions At Scale With Early Access To Its Unified Quantum Operating Environment Orquestra [2de44d85]: skipping (already done; pass --force to redo)
[216/17421] 2022-02-28 - Unifying Collapse And No Collapse Approaches To Quantum Physics [3525a19e]: skipping (already done; pass --force to redo)
[217/17421] 2022-02-28 - Quantum Computing Machine Learning New Business Solutions [52b09a2d]: skipping (already done; pass --force to redo)
[218/17421] 2022-02-28 - Breaking The Hold Of Bell Inequalities [2bfd671a]: skipping (already done; pass --force to redo)
[219/17421] 2022-03-02 - Now Hiring The Quantum Hr Challenge [2a7ffa04]: skipping (already done; pass --force to redo)
[220/17421] 2022-03-02 - Kremlin Qc Initiative Means Business [2c7bb0d1]: skipping (already done; pass --force to redo)
[221/17421] 2022-03-02 - Ichec Announces Priority Access To High Performance Computing For Covid 19 Research [ff250108]: skipping (already done; pass --force to redo)
[222/17421] 2022-03-02 - Abraham Asfaw Episode 11 Interview [5dafc4dc]: skipping (already done; pass --force to redo)
[223/17421] 2022-03-17 - Quantum Computing Now Podcast Episode 9 Interview With Ibm Vice President Bob Sutor [f2f5f643]: skipping (already done; pass --force to redo)
[224/17421] 2022-03-18 - Jack Hidary Director Ai And Quantum Sandbox At Alphabet The Qubit Guys Podcast Episode 13 [ce1037b8]: skipping (already done; pass --force to redo)
[225/17421] 2022-05-10 - Looking For A Quantum Computing Conference Find A Complete List At The Quantum Dailys Conference Page [17f54c84]: skipping (already done; pass --force to redo)
[226/17421] 2022-06-09 - Qubit Alles Germany Invest 2 Billion Euros In Quantum Technology Build Two Quantum Computers [14c02ebb]: skipping (already done; pass --force to redo)
[227/17421] 2022-06-09 - Four Ways Quantum Computing Will Change Artificial Intelligence Forever [0b358824]: skipping (already done; pass --force to redo)
[228/17421] 2022-07-14 - Tqd Podcast Episode 1 The Genesis Of The Quantum Daily Where The Industry Is Heading [242d5689]: skipping (already done; pass --force to redo)
[229/17421] 2022-07-14 - The Quantum Weekly Quantum Ip Woah [0f821ba6]: skipping (already done; pass --force to redo)
[230/17421] 2022-07-14 - The Quantum Weekly A Quarter To Remember [09a00fbf]: skipping (already done; pass --force to redo)
[231/17421] 2022-07-14 - The Quantum Weekly Introducing The Quantum Dailys Data Dashboard [6615280c]: skipping (already done; pass --force to redo)
[232/17421] 2022-07-14 - The Quantum Weekly A Record Breaking Week For The Quantum Industry [2dd5012e]: skipping (already done; pass --force to redo)
[233/17421] 2022-07-14 - The Weekly Quantum Digest Taking Quantum Computing To School [989fdb8c]: skipping (already done; pass --force to redo)
[234/17421] 2022-07-14 - The Quantum Weekly The Quantum Future Arrives In Finland [5d1b91eb]: skipping (already done; pass --force to redo)
[235/17421] 2022-07-14 - The Quantum Weekly Startup Has Brains Of A Deep Tech Firm Heart Of A Scrappy Small Business [5a6d3a48]: skipping (already done; pass --force to redo)
[236/17421] 2022-07-14 - The Weekly Quantum Digest Roadmap Paves A Path To Quantum Technology For Australia [ab12bc51]: skipping (already done; pass --force to redo)
[237/17421] 2022-07-14 - The Quantum Weekly Looking For Good Books For The Quantum Curious [17487d17]: skipping (already done; pass --force to redo)
[238/17421] 2022-07-14 - The Weekly Quantum Digest Ibm Quantum Loud Proud And In The Cloud [08d0fac3]: skipping (already done; pass --force to redo)
[239/17421] 2022-07-14 - The Quantum Weekly Digest Quantum Computing Investor Market Map Helps Make Sense Of Growing Qc Ecosystem [111ef56c]: skipping (already done; pass --force to redo)
[240/17421] 2022-07-14 - The Weekly Quantum Digest Money Keeps Rolling Into Quantum Startups [fd884734]: skipping (already done; pass --force to redo)
[241/17421] 2022-07-14 - The Quantum Weekly Quantum Computing Resources For Researchers [0be76635]: skipping (already done; pass --force to redo)
[242/17421] 2022-07-14 - The Quantum Weekly Digest No Quarantine For Quantum Computing [1708f0af]: skipping (already done; pass --force to redo)
[243/17421] 2022-07-14 - The Quantum Weekly Latest News Business Jobs And Advances In Quantum Computing [b9b5bbe0]: skipping (already done; pass --force to redo)
[244/17421] 2022-07-14 - The Quantum Weekly Honeywell Joins The Quantum Hunt 03 07 2020 [507d8474]: skipping (already done; pass --force to redo)
[245/17421] 2022-07-14 - The Quantum Weekly Celebrating The Women Of Quantum Computing [ed0d2eb5]: skipping (already done; pass --force to redo)
[246/17421] 2022-07-14 - The Quantum Weekly This Weeks Hottest Quantum Stories [543d4108]: skipping (already done; pass --force to redo)
[247/17421] 2022-07-14 - The Quantum Weekly Digest Making It Big In Quantum Computing [902800ab]: skipping (already done; pass --force to redo)
[248/17421] 2022-07-14 - The Quantum Weekly Digest Spooky Action Hits Record Levels On Weird O Meter [d98043f7]: skipping (already done; pass --force to redo)
[249/17421] 2022-07-14 - Weekly Quantum Digest Tuning The Quantum Classical Orchestra [0d65ba61]: skipping (already done; pass --force to redo)
[250/17421] 2022-07-14 - Weekly Quantum Digest Quantum Materials Search Gets Some Large Scale Help [ce0845c5]: skipping (already done; pass --force to redo)
[251/17421] 2022-07-14 - Weekly Quantum Digest Scientists Are Chipping Away At Spooky Action At A Distance [305f09a6]: skipping (already done; pass --force to redo)
[252/17421] 2022-07-14 - Quantum Weekly Digest Its The Dawning Of The Quantum Decade [18737ab1]: skipping (already done; pass --force to redo)
[253/17421] 2022-07-14 - Quantum Weekly Digest Quantum Computings Breakthrough Year [7b8a0961]: skipping (already done; pass --force to redo)
[254/17421] 2022-07-14 - Weekly Quantum Digest Are Quantum Computers Facing A Hardware Doomsday [5fb0fd54]: skipping (already done; pass --force to redo)
[255/17421] 2022-07-14 - Quantum Weekly Digest A Universal Sized Quantum Computer [95067a0d]: skipping (already done; pass --force to redo)
[256/17421] 2022-07-14 - Weekly Quantum Digest Is Microsoft Heading Right To The Topological [fcbd22ec]: skipping (already done; pass --force to redo)
[257/17421] 2022-07-14 - Weekly Quantum Weekly Digest Goodbye 2010S Thanks For Completely Blowing Our Minds [506c09ea]: skipping (already done; pass --force to redo)
[258/17421] 2022-07-14 - Quantum Weekly Digest Reality What Reality Mechanical Motion For Quantum Computing [5772852a]: skipping (already done; pass --force to redo)
[259/17421] 2022-07-14 - Weekly Quantum Digest Taking Quantum Computing Bits For An Atomic Spin [39ab14f8]: skipping (already done; pass --force to redo)
[260/17421] 2022-07-14 - Weekly Quantum Digest Things Get Chippy Between Ibm And Google Over Quantum Supremacy [d8397ba6]: skipping (already done; pass --force to redo)
[261/17421] 2022-07-14 - Weekly Quantum Digest Einsteins Quantum Twin Spin And More [66cb2ae3]: skipping (already done; pass --force to redo)
[262/17421] 2022-07-14 - The Quantum Daily Weekly Digest Vol 1 Quantum World [79533506]: skipping (already done; pass --force to redo)
[263/17421] 2022-07-14 - Silq A New High Level Programming Language For Quantum Computing [6d3f6a09]: skipping (already done; pass --force to redo)
[264/17421] 2022-07-14 - Falling In Love With Quantum Variational Algorithms [60888419]: skipping (already done; pass --force to redo)
[265/17421] 2022-07-14 - Silq And The Quest For A Real Quantum Programming Language [b490a629]: skipping (already done; pass --force to redo)
[266/17421] 2022-07-14 - Quantum Programming Javascript Q Js A Drag And Drop Circuit Editor [974f9be2]: skipping (already done; pass --force to redo)
[267/17421] 2022-07-14 - Quantum Programming 101 Qsvm Machine Learning Tutorial [10fea5d7]: skipping (already done; pass --force to redo)
[268/17421] 2022-07-14 - Quantum Programming 101 D Waves Systems Programming Tutorial [4f6c9680]: skipping (already done; pass --force to redo)
[269/17421] 2022-07-14 - Quantum Programming 101 Grovers Algorithm [d312480a]: skipping (already done; pass --force to redo)
[270/17421] 2022-07-14 - Quantum Programming 101 Superdense Coding Tutorial [bfc15c46]: skipping (already done; pass --force to redo)
[271/17421] 2022-07-14 - Quantum Computers Are Not Faster Than Conventional Computers [b2c5d311]: skipping (already done; pass --force to redo)
[272/17421] 2022-07-14 - What Is Quantum Supremacy And Has Google Achieved It [5f55527d]: skipping (already done; pass --force to redo)
[273/17421] 2022-07-14 - Quantum Programming 101 16 Qubit Random Number Generator Tutorial [3921fc60]: skipping (already done; pass --force to redo)
[274/17421] 2022-07-14 - Webinar Offers Lessons In Quantum Computer Programming [0ae0c83f]: skipping (already done; pass --force to redo)
[275/17421] 2022-07-14 - The Importance Of Quantum Exercises [7982b2a7]: skipping (already done; pass --force to redo)
[276/17421] 2022-07-14 - New Theory Hints At More Efficient Way To Develop Quantum Algorithms [0b85ca88]: skipping (already done; pass --force to redo)
[277/17421] 2022-07-14 - Riverlanes New Operating System May Mark A Key Stage In Commercial Development Of Quantum Computers [98e8d120]: skipping (already done; pass --force to redo)
[278/17421] 2022-07-14 - Scientists Develop First Quantum Algorithm To Characterize Noise Across Large Systems [c837424e]: skipping (already done; pass --force to redo)
[279/17421] 2022-07-14 - Quantum Error Mitigation Boosts Accuracy Saves On Qubits Compared To Typical Error Correction Methods [65ac2f34]: skipping (already done; pass --force to redo)
[280/17421] 2022-07-14 - Quantum Odyssey To Create The Quantum Era We First Have To Make It Fun [d570e0ed]: skipping (already done; pass --force to redo)
[281/17421] 2022-07-15 - The Quantum Daily Releases Updated Quantum Computing 101 Website [3159b341]: skipping (already done; pass --force to redo)
[282/17421] 2022-07-15 - Introduction To Qubits Part 1 [a5fd3972]: skipping (already done; pass --force to redo)
[283/17421] 2022-07-15 - Introduction To Qubits Part 2 [7d6fbba0]: skipping (already done; pass --force to redo)
[284/17421] 2022-07-15 - What Is Quantum Computing Heres What You Need To Know [1179276c]: skipping (already done; pass --force to redo)
[285/17421] 2022-07-15 - Why Quantum Computers [2c211dd7]: skipping (already done; pass --force to redo)
[286/17421] 2022-07-15 - Qubes Camp Learn Quantum Computing From The Pros [1828476f]: skipping (already done; pass --force to redo)
[287/17421] 2022-07-15 - Quantum Computing Now With Ethan Hansen [fe47ec51]: skipping (already done; pass --force to redo)
[288/17421] 2022-07-15 - Quantum Computing Now All The Frameworks [8f0b8de5]: skipping (already done; pass --force to redo)
[289/17421] 2022-07-15 - Quantum Safe Encryption A Primer On Quantum Cryptography [a8163624]: skipping (already done; pass --force to redo)
[290/17421] 2022-07-15 - Fermilab Scientists Publish Quantum Computing Course For High School Students [262bdc6b]: skipping (already done; pass --force to redo)
[291/17421] 2022-07-17 - Dotphoton Raises Pre Series A Round And Opens Orders For Lossless Image Compression Software For Biotech [a016e208]: skipping (already done; pass --force to redo)
[292/17421] 2022-07-17 - Bessemer Leads 79 Million Series C Round Of Rigetti Computing To Advance Practical Quantum Computing [8574894c]: skipping (already done; pass --force to redo)
[293/17421] 2022-07-17 - Quandela Announces First Investment Round Backed By Quantonation And Bpifrance [410ebcdc]: skipping (already done; pass --force to redo)
[294/17421] 2022-07-17 - Orca Computing Raises 2 9M 3 7M To Develop Quantum Technology With Off The Shelf Components [514ff14b]: skipping (already done; pass --force to redo)
[295/17421] 2022-07-17 - The Quantum Data Portal [755ae73c]: skipping (already done; pass --force to redo)
[296/17421] 2022-07-17 - First Quantum Based Ipo Soars 924 Smashes First Day Record [faf1cba8]: skipping (already done; pass --force to redo)
[297/17421] 2022-07-17 - The Quantum Daily Announces Quantum Technologies Data Dashboard [4ca54ce5]: skipping (already done; pass --force to redo)
[298/17421] 2022-07-17 - Ionq Secures New Funding Raising Total To 84 Million Adds Advisory Board Members [58e03adb]: skipping (already done; pass --force to redo)
[299/17421] 2022-07-17 - The Commercialization Of Quantum Technology [89f5b502]: skipping (already done; pass --force to redo)
[300/17421] 2022-07-17 - The Quantum Gold Rush Updated 2020 Biggest Year Yet For Investment [040532e4]: skipping (already done; pass --force to redo)
[301/17421] 2022-07-17 - Horizon Quantum Computing Says Sgd 4 5 Million Seed Financing Boost Will Help Democratize Quantum Software Development [f5c4cc94]: skipping (already done; pass --force to redo)
[302/17421] 2022-07-17 - Qubit Pharmaceuticals A New Player In Quantum Aided Drug Design [796980c2]: skipping (already done; pass --force to redo)
[303/17421] 2022-07-17 - Quantum Startups May Be A Target In Pending 175 Million Pitango Fund [92e6ca19]: skipping (already done; pass --force to redo)
[304/17421] 2022-07-17 - Leading European Investor Says Quantum Computing Is A Top Bet [99041e2b]: skipping (already done; pass --force to redo)
[305/17421] 2022-07-17 - Runa Capital Sees Quantum Computing Focus In Its Latest Fund [6aa05f7a]: skipping (already done; pass --force to redo)
[306/17421] 2022-07-17 - Webinar Quantum Venture Capital Co Design Quantum Computers Quantum Networks [60cfe2a7]: skipping (already done; pass --force to redo)
[307/17421] 2022-07-17 - Archer Materials Joins Global Ibm Q Network [d7e902ed]: skipping (already done; pass --force to redo)
[308/17421] 2022-07-17 - Archer Materials Granted Trading Halt Ahead Of Quantum Computing Chip Agreement [5d7ab363]: skipping (already done; pass --force to redo)
[309/17421] 2022-07-17 - Terra Quantum Secures Eur10M To Build The European Quantum Ecosystem [7be199f4]: skipping (already done; pass --force to redo)
[310/17421] 2022-07-17 - Entree Capital Announces 100M For Quantum Computing Deep Tech [8f2ebc1e]: skipping (already done; pass --force to redo)
[311/17421] 2022-07-17 - Mckinsey Forecasts Quantum Computing Market Could Reach 1 Trillion By 2035 [8c85bac4]: skipping (already done; pass --force to redo)
[312/17421] 2022-07-17 - Coldquanta Awarded 7 4 Million Contract From Darpa To Accelerate Development Of Scalable Cold Atom Quantum Computers [6cb09381]: skipping (already done; pass --force to redo)
[313/17421] 2022-07-17 - Psiquantum Quantum Computer Startup Raises 230 Million Possibly Largest Qc Investment To Date 2 [8968c29d]: skipping (already done; pass --force to redo)
[314/17421] 2022-07-17 - Kicking Off The Quantum Decade [a439f308]: skipping (already done; pass --force to redo)
[315/17421] 2022-07-17 - Quantum Machines Raises 17 5 Million In Venture Capital Funding [47b84445]: skipping (already done; pass --force to redo)
[316/17421] 2022-07-17 - Quantum Computing And The World Of Venture Capital [c7ae5326]: skipping (already done; pass --force to redo)
[317/17421] 2022-07-17 - Pioneering Quantum Vc Firm Successful Startups Need To Balance Science And Business [422cab96]: skipping (already done; pass --force to redo)
[318/17421] 2022-07-17 - The Quantum Computing Market Size Superpositioned For Growth [f3a44283]: skipping (already done; pass --force to redo)
[319/17421] 2022-07-17 - Quantum Computing Incorporated The First Publicly Traded Quantum Computing Stock [53ad7145]: skipping (already done; pass --force to redo)
[320/17421] 2022-07-17 - A Business Look At Quantum Computing [8ccfa07c]: skipping (already done; pass --force to redo)
[321/17421] 2022-07-17 - Investing In Quantum Computing The Tqd Guide [6e52b0b3]: skipping (already done; pass --force to redo)
[322/17421] 2022-07-17 - Nature Announces Start Of Quantum Gold Rush But Doubts Remain [8a751391]: skipping (already done; pass --force to redo)
[323/17421] 2022-07-17 - Will Africa Miss The Next Computational Revolution [2696b820]: skipping (already done; pass --force to redo)
[324/17421] 2022-07-17 - Microsoft Releases Quantum Impact Video Series [bcbfea7c]: skipping (already done; pass --force to redo)
[325/17421] 2022-07-17 - Brand Differentiation In The Qc Industry [a3357a21]: skipping (already done; pass --force to redo)
[326/17421] 2022-07-17 - Boffins Say They Created A Quantum Bullshit Detector By Entangling Uninspired Academic With Cynical Grump [50eeb0d0]: skipping (already done; pass --force to redo)
[327/17421] 2022-07-17 - The Qc House Of Cards [527ca385]: skipping (already done; pass --force to redo)
[328/17421] 2022-07-17 - Origin Quantums Year Of The Pig [4e9a0c94]: skipping (already done; pass --force to redo)
[329/17421] 2022-07-17 - The Quantum Factory [bdeec4f7]: skipping (already done; pass --force to redo)
[330/17421] 2022-07-17 - Is Quantum Supremacy Racist A Group Of 13 Academics Think So [ed7b3164]: skipping (already done; pass --force to redo)
[331/17421] 2022-07-17 - Quantum Pumping In Latin America [9d36253d]: skipping (already done; pass --force to redo)
[332/17421] 2022-07-17 - Dancing With Qubits Serves As A Guide For The Quantum Curious And The Quantum Serious [e1b0c120]: skipping (already done; pass --force to redo)
[333/17421] 2022-07-17 - The Maturing Of Quantum Organizations The Case For A Board Of Directors [28de32a4]: skipping (already done; pass --force to redo)
[334/17421] 2022-07-17 - Spains Timely Edge For Quantum Leadership [c907b1ae]: skipping (already done; pass --force to redo)
[335/17421] 2022-07-17 - The Quantum Technology Support Market Segment [34008a99]: skipping (already done; pass --force to redo)
[336/17421] 2022-07-17 - Adapting The 5 Hour Rule To Quantum Technology [f1764a97]: skipping (already done; pass --force to redo)
[337/17421] 2022-07-17 - Quantum Robotics For The Future [c3cec1db]: skipping (already done; pass --force to redo)
[338/17421] 2022-07-17 - Head Of Business Development At Qc Ware Yianni Gamvros Reflects On The Present And Future Of Quantum Computing [76ef6fef]: skipping (already done; pass --force to redo)
[339/17421] 2022-07-17 - The Case For An Ethical Communications Strategy For The Quantum Community Or How To Avoid A 5G Like Backlash [903e03c8]: skipping (already done; pass --force to redo)
[340/17421] 2022-07-17 - Zapata Chief Says Quantum Machine Learning Is A When Not An If [e809b4d6]: skipping (already done; pass --force to redo)
[341/17421] 2022-07-17 - The Business Side Common Q A Of Quantum Computing [40e04d63]: skipping (already done; pass --force to redo)
[342/17421] 2022-07-17 - Q Munity Workshops The Best Way To Kickoff Your Quantum Journey [315271f9]: skipping (already done; pass --force to redo)
[343/17421] 2022-07-17 - Books On Quantum Computing [5cf35f62]: skipping (already done; pass --force to redo)
[344/17421] 2022-07-17 - Googles Head Of Quantum Computing Hardware Leaves [2be5e33d]: skipping (already done; pass --force to redo)
[345/17421] 2022-07-17 - How South America Is Helping To Build The Quantum Computing Industry [240275c7]: skipping (already done; pass --force to redo)
[346/17421] 2022-07-17 - Could Quantum Computing Help Feed The World [0bc2fadc]: skipping (already done; pass --force to redo)
[347/17421] 2022-07-17 - Would You Trust These Two Quantum Computing Startups With Your Data [753ee165]: skipping (already done; pass --force to redo)
[348/17421] 2022-07-17 - Tqd Exclusive Interview With University Of Chile Physicist Luis Foa Torres [7b2d22d4]: skipping (already done; pass --force to redo)
[349/17421] 2022-07-17 - Paraguay Yerba Mate Quantum [6c77cfd7]: skipping (already done; pass --force to redo)
[350/17421] 2022-07-17 - Quantum Tech Fosters Quantum Community Commercialisation [f3e2eef2]: skipping (already done; pass --force to redo)
[351/17421] 2022-07-17 - The Jedi Master Of Quantum Computing [e3434f57]: skipping (already done; pass --force to redo)
[352/17421] 2022-07-17 - Scientific Discovery Sparks Shootout In Quantum Computing Space [9c966691]: skipping (already done; pass --force to redo)
[353/17421] 2022-07-17 - Bitcoin Versus Quantum Supremacy A Match Made In Hell [31760dc3]: skipping (already done; pass --force to redo)
[354/17421] 2022-07-17 - Quantum Godfathers 2 John Stewart Bell Superposition Irish Style [b28f0953]: skipping (already done; pass --force to redo)
[355/17421] 2022-07-17 - Academic Consortium Is Now An International Effort To Tap Powers Of Quantum Tech [772d16d8]: skipping (already done; pass --force to redo)
[356/17421] 2022-07-18 - Tqd Exclusive Entropica Labs Ceo Says Quantum Teams Must Think Differently Engage With Customers Honestly [adafa9ed]: skipping (already done; pass --force to redo)
[357/17421] 2022-07-18 - Spanish Startup Turning To Quantum Technology To Develop Unique Solutions For The Finance Industry [ab62c6aa]: skipping (already done; pass --force to redo)
[358/17421] 2022-07-18 - The Nanotechnology Sector Is Set To Serve The Quantum Computing Industry One Company With Its Blue Chip Client Case Is Already There [10e854ed]: skipping (already done; pass --force to redo)
[359/17421] 2022-07-18 - Ip Group Launches 12 Million Investment Partnership In Quantum Technology [2992218e]: skipping (already done; pass --force to redo)
[360/17421] 2022-07-18 - As The Internet Of Things Becomes An Ever More Integral Part Of Our Lives So Will The Cyberattacks That Can Threaten It [e7e8c23c]: skipping (already done; pass --force to redo)
[361/17421] 2022-07-18 - California Startup Focused On Silicon Based Tech Partners With University College Dublin [6654ff94]: skipping (already done; pass --force to redo)
[362/17421] 2022-07-18 - Startups Intent To Optimize Chemical Systems By Leveraging Quantum Computing [0ba290e0]: skipping (already done; pass --force to redo)
[363/17421] 2022-07-18 - Bulgarian Startups Quantum Resistant Encryption Algorithms Offer Hope For Ai Banking Telecommunications [4e5fddd7]: skipping (already done; pass --force to redo)
[364/17421] 2022-07-18 - Quantycats Modern Developers Workflow Fix For Qc [44716ad6]: skipping (already done; pass --force to redo)
[365/17421] 2022-07-18 - How A Quantum Arbitration Tool Plans To Change The Practice Of Law [3749e848]: skipping (already done; pass --force to redo)
[366/17421] 2022-07-18 - Greek Startup Utilizing Quantum Computing Hardware To Simulate Drugs Chemicals Materials And Other Quantum Systems [674c7b47]: skipping (already done; pass --force to redo)
[367/17421] 2022-07-18 - Non Profit Fund Working To Create Innovative Qc Projects With Grants [d3007d41]: skipping (already done; pass --force to redo)
[368/17421] 2022-07-18 - Q Ctrl Forms Professional Services To Help Organizations Max Out Cloud Based Quantum Computers [767081be]: skipping (already done; pass --force to redo)
[369/17421] 2022-07-18 - The Three Sisters Of Physics Biology Chemistry To Revolutionize Quantum Computing [962969c4]: skipping (already done; pass --force to redo)
[370/17421] 2022-07-18 - Is This Danish Company The Most Promising Quantum Computing Startup In The World [8a4404f9]: skipping (already done; pass --force to redo)
[371/17421] 2022-07-18 - Quantum South Uruguays First Qc Startup [3e0fe169]: skipping (already done; pass --force to redo)
[372/17421] 2022-07-18 - Quantumctek To Be Chinas First Quantum Ipo [daad3d88]: skipping (already done; pass --force to redo)
[373/17421] 2022-07-18 - Spokane Startups Target Of Non Deterministic Polynomial Problem Efficiency In Chemistry [7833a569]: skipping (already done; pass --force to redo)
[374/17421] 2022-07-18 - Female Founded Quantum Computing Startup Aims For Ai Acceleration [9dfa5e59]: skipping (already done; pass --force to redo)
[375/17421] 2022-07-18 - Atlanta Qc Startup Promises Intelligent Systems For Tomorrows Economies [1015ee86]: skipping (already done; pass --force to redo)
[376/17421] 2022-07-18 - German Non Profit Initiative Hopes To Push Qc To New Heights [75da821b]: skipping (already done; pass --force to redo)
[377/17421] 2022-07-18 - Post Quantum Crypto Startup Qshield Exits Stealth With 5 5 Million Backing Led By Kindred [e66712f1]: skipping (already done; pass --force to redo)
[378/17421] 2022-07-18 - Tqd Exclusive Ki3 Photonics Is Paving The Path For The Quantum Era [fc4c88ff]: skipping (already done; pass --force to redo)
[379/17421] 2022-07-18 - Collaboration Is Key Consideration For Startup With Quantum Computing Vision [7f15ecc8]: skipping (already done; pass --force to redo)
[380/17421] 2022-07-18 - A New Look Into Quantum Computing Startup Nu Quantum [f5d5816e]: skipping (already done; pass --force to redo)
[381/17421] 2022-07-18 - Qubitekk Vision To Become Leading Global Quantum Technology Provider [201c446c]: skipping (already done; pass --force to redo)
[382/17421] 2022-07-18 - Why Create A Quantum Computing Podcast [cf565af4]: skipping (already done; pass --force to redo)
[383/17421] 2022-07-18 - French Startup Applies Quantum Principles To Service The Financial Industry [f3f9cea0]: skipping (already done; pass --force to redo)
[384/17421] 2022-07-18 - 1Qbits Quantum Insights Network Arrives [7bd78b99]: skipping (already done; pass --force to redo)
[385/17421] 2022-07-18 - Terra Quantum Ag Setting A Course For The Future [f20aa39d]: skipping (already done; pass --force to redo)
[386/17421] 2022-07-18 - Japanese Startup Qunasys Maximizing The Potential Of Quantum Computers [8852f898]: skipping (already done; pass --force to redo)
[387/17421] 2022-07-18 - Medical Datasets The Future For One Qc Startup [8e7bff45]: skipping (already done; pass --force to redo)
[388/17421] 2022-07-18 - The Us Air Force Enlists Qc Startup Semicyber To Develop Data Analytics And Software Services For Mission Critical Challenges [541b4fe0]: skipping (already done; pass --force to redo)
[389/17421] 2022-07-18 - Swiss Startups Quantum Chemistry For All [27d1a376]: skipping (already done; pass --force to redo)
[390/17421] 2022-07-18 - Tennessee Startups Wind Power Quantum Panacea [6cc06d1a]: skipping (already done; pass --force to redo)
[391/17421] 2022-07-18 - Apexqubit Harnessing Quantum Computing For Health And Humanity [6694a731]: skipping (already done; pass --force to redo)
[392/17421] 2022-07-18 - Can Quantum Computing Play A Role In Curing Outbreaks Like Coronavirus At Least One Startup Thinks So [8b701839]: skipping (already done; pass --force to redo)
[393/17421] 2022-07-18 - Qutech Scientists Say Cryo Chip Overcomes Obstacle To Large Scale Quantum Computers [71153078]: skipping (already done; pass --force to redo)
[394/17421] 2022-07-18 - German Startup Avanetix Applies Qc To Develop Supply Chain Solutions [dfd77ec1]: skipping (already done; pass --force to redo)
[395/17421] 2022-07-18 - The Hills Are Alive With The Sound Of Qubits [67c4641b]: skipping (already done; pass --force to redo)
[396/17421] 2022-07-18 - Quantum Lab Startup With Thoughts Of Driverless Cars On Its Mind [d121a8fa]: skipping (already done; pass --force to redo)
[397/17421] 2022-07-18 - Canadian Quantum Metamachinists Eureka Moment For Cloud Based Qc [dbe27c46]: skipping (already done; pass --force to redo)
[398/17421] 2022-07-18 - Houston Qc Startup Xofia Aims To Blast Off Towards Fourth Industrial Revolution [551283ca]: skipping (already done; pass --force to redo)
[399/17421] 2022-07-18 - Canadian Qc Startup Agnostiq Building Privacy Solutions For The Future [2620fa4e]: skipping (already done; pass --force to redo)
[400/17421] 2022-07-18 - Clean And Green Xanadu Receives 4 4 Million From Sustainability Group [2b9b9c7f]: skipping (already done; pass --force to redo)
[401/17421] 2022-07-18 - French Startup Quandela Lights Up The Qc World [dba2c841]: skipping (already done; pass --force to redo)
[402/17421] 2022-07-18 - Darpa Grant To Bolster Xanadus Quantum Machine Learning Efforts [566f73a7]: skipping (already done; pass --force to redo)
[403/17421] 2022-07-18 - Coldquanta Awarded 2 8M From The U S Government To Advance Its Quantum Core Technology [9ff7d1af]: skipping (already done; pass --force to redo)
[404/17421] 2022-07-18 - Quantum Machine Learning Startup Gets Backing To Expand Team [7db67504]: skipping (already done; pass --force to redo)
[405/17421] 2022-07-18 - Los Alamos Lab Purchases Latest D Wave Offering [723f2de1]: skipping (already done; pass --force to redo)
[406/17421] 2022-07-18 - Startup Qc Ware Announces Forge Cloud Platform Release [5ce167dd]: skipping (already done; pass --force to redo)
[407/17421] 2022-07-18 - Qc Startup Aliro Gets Multi Million Dollar Cash Injection 2 [921de118]: skipping (already done; pass --force to redo)
[408/17421] 2022-07-18 - Spanish Banks Quantum Fintech Leap [f184280e]: skipping (already done; pass --force to redo)
[409/17421] 2022-07-18 - Parlez Vous Nextgenq [72569c2b]: skipping (already done; pass --force to redo)
[410/17421] 2022-07-18 - L A Based Quantum Computers Pharma Startup Qulab Ready To Roll [4698f6b4]: skipping (already done; pass --force to redo)
[411/17421] 2022-07-18 - Tqd Exclusive Interview With Chicago Quantums President Founder Jeffrey Cohen [c4b1a1ee]: skipping (already done; pass --force to redo)
[412/17421] 2022-07-18 - Stealth Quantum Computer Startup Raises 230 Million Possibly Largest Qc Investment To Date [8cd171ef]: skipping (already done; pass --force to redo)
[413/17421] 2022-07-18 - Northern Lights Espoo Qc Startup Iqm [04d4a7f5]: skipping (already done; pass --force to redo)
[414/17421] 2022-07-18 - Quantum Machines First Qc Startup In The Holy Land [531e557a]: skipping (already done; pass --force to redo)
[415/17421] 2022-07-18 - Quantum Testbed Opens In Boulder Colorado [157cd6ac]: skipping (already done; pass --force to redo)
[416/17421] 2022-07-18 - Ionq Secures 55 Million In Latest Funding Round [899b5f65]: skipping (already done; pass --force to redo)
[417/17421] 2022-07-18 - Quantum Computer Claws Are Out Ibm Says Googles Quantum Claim Isnt So Supreme [ee8671e2]: skipping (already done; pass --force to redo)
[418/17421] 2022-07-18 - D Wave Announces First European Leap Quantum Cloud Site [39a8179a]: skipping (already done; pass --force to redo)
[419/17421] 2022-07-18 - The Quantum Daily Partners With Qureca To Create Global Opportunities In Quantum Technologies [3854e8e2]: skipping (already done; pass --force to redo)
[420/17421] 2022-07-21 - Britannia To Rule The Wavefunction Spreads 78 Million Pounds Across 38 Projects [d66a8fa3]: skipping (already done; pass --force to redo)
[421/17421] 2022-07-21 - Europes Quantum Computing Fight [4bd4ef12]: skipping (already done; pass --force to redo)
[422/17421] 2022-07-21 - Londons First Quantum Ipo Quantum Exponential Limited Set To Go Public [f1c008a9]: skipping (already done; pass --force to redo)
[423/17421] 2022-07-21 - Rigetti Uk Leads 10 Million Consortium To Bolster Quantum Computing Commercialization [4c2a2a87]: skipping (already done; pass --force to redo)
[424/17421] 2022-07-21 - Uk Investing In Quantum Computing Expected To Triple In Next Five Years [aa614e9f]: skipping (already done; pass --force to redo)
[425/17421] 2022-07-21 - Oxford Quantum Circuits Led Consortium Wins Grant To Boost Quantum Technologies In The Uk [75745360]: skipping (already done; pass --force to redo)
[426/17421] 2022-07-21 - Universal Quantum Emerges From Stealth With 3 6 Million Seed Funding Announcement [762abcb6]: skipping (already done; pass --force to redo)
[427/17421] 2022-07-21 - Uk Startup And Spin Out From The University Of Sheffield Photonics Ambitions [525a8021]: skipping (already done; pass --force to redo)
[428/17421] 2022-07-21 - Uk Start Up Aegiq Secures 1 4 Million To Develop Secure Quantum Communications [defda27f]: skipping (already done; pass --force to redo)
[429/17421] 2022-07-21 - 3 British Quantum Computing Research Hubs Not In Oxbridge Or London [71711a20]: skipping (already done; pass --force to redo)
[430/17421] 2022-09-13 - Google Ai Quantum Says The Team Performed The Largest Chemical Simulation On A Quantum Computer [80f6fc47]: skipping (already done; pass --force to redo)
[431/17421] 2022-09-28 - Tqi Exclusive Interview With Michelle Simmons Of Silicon Quantum Computing [6e4213e2]: skipping (already done; pass --force to redo)
[432/17421] 2022-10-27 - Dwave Stock [2be1d69b]: skipping (already done; pass --force to redo)
[433/17421] 2022-11-16 - Professor Yaron Oz Talks Through Quantum Computings Impact On The World Israels Role In Tel Aviv University Podcast [3d3b865b]: skipping (already done; pass --force to redo)
[434/17421] 2023-03-26 - Report Quantum Computing Market Expected To Grow At Double Digit Growth Rates [ea935c27]: skipping (already done; pass --force to redo)
[435/17421] 2023-07-23 - New Filing Zapata Computing Raises 4 8 Million Hints At Quantum Generative Ai Solutions [57d234a3]: skipping (already done; pass --force to redo)
[436/17421] 2023-07-30 - Quantum Industry Intelligence [73ce6f04]: skipping (already done; pass --force to redo)
[437/17421] 2023-08-10 - Executive Order Halts American Investment In Chinese Quantum Technology [e238b157]: skipping (already done; pass --force to redo)
[438/17421] 2023-08-11 - Ionq Beats Projected Revenue Sees 64 Qubit System In 2025 [00c1ab9c]: skipping (already done; pass --force to redo)
[439/17421] 2023-08-12 - Quantrolox New Automation Software Now Integrated With Qblox Control Stack To Accelerate Quantum Tech [5d030282]: skipping (already done; pass --force to redo)
[440/17421] 2023-08-14 - Superconductivity Advancement Requires Confirmation Says Industry Expert Michael Biercuk [f2648937]: skipping (already done; pass --force to redo)
[441/17421] 2023-08-14 - Google Advances Quantum Resistant Cryptography Efforts In Chrome Browser [a76b0c99]: skipping (already done; pass --force to redo)
[442/17421] 2023-08-14 - Rigetti Announces Deployment Of 84 Qubit Ankaa 1 Targets Narrow Quantum Advantage [5f270b17]: skipping (already done; pass --force to redo)
[443/17421] 2023-08-14 - D Wave Quantum Davidson Technologies Showcase National Defense Solutions [f161ae7d]: skipping (already done; pass --force to redo)
[444/17421] 2023-08-15 - Sandboxaq Collaborates With More Than 30 Universities Corporations Educational Organizations To Expand Ai Quantum Training [81018c83]: skipping (already done; pass --force to redo)
[445/17421] 2023-08-15 - Toshiba Outlines How Its Building A Quantum Secure Future [77eb4a40]: skipping (already done; pass --force to redo)
[446/17421] 2023-08-15 - Researchers Develop A Quantum Mechanical Approach To Determining Metal Ductility [17626e1e]: skipping (already done; pass --force to redo)
[447/17421] 2023-08-16 - New Quantum Hardware Approach May Be A Natural For Powering Up Quantum Algorithms [ed91a99a]: skipping (already done; pass --force to redo)
[448/17421] 2023-08-16 - Federal Reserve Warns Congress About Quantum Threats [4bfef9cc]: skipping (already done; pass --force to redo)
[449/17421] 2023-11-15 - Orca Computing To Provide Poznan Supercomputing And Networking Center With First Quantum Computers [b48ba952]: skipping (already done; pass --force to redo)
[450/17421] 2023-12-14 - Leading Experts Urge Applying The Power Of Quantum Technology To Sustainability In New Documentary Our Sustainable Future [65473f78]: skipping (already done; pass --force to redo)
[451/17421] 2024-02-07 - Quantum Computing Course [0e00b18f]: skipping (already done; pass --force to redo)
[452/17421] 2024-02-21 - The Skolkovo Institute Of Science And Technology Launches Quantum Initiative [742f3eb5]: skipping (already done; pass --force to redo)
[453/17421] 2024-03-27 - International Collaboration Will Create A Theoretical Blueprint For A Modular Fault Tolerant Quantum Computer [56c7f42c]: skipping (already done; pass --force to redo)
[454/17421] 2024-04-10 - Quantum Computing Companies Ultimate List For 2022 [d42f4b17]: skipping (already done; pass --force to redo)
[455/17421] 2024-04-10 - Top 5 Funded Quantum Companies In 2022 [65b18c51]: skipping (already done; pass --force to redo)
[456/17421] 2024-04-10 - Four For 21 Quantum Companies Founded In The Year Of The Ox [ab08ea37]: skipping (already done; pass --force to redo)
[457/17421] 2024-04-10 - 5 Quantum Computing Companies Working With Nv Centre In Diamond Technology [b028a2f4]: skipping (already done; pass --force to redo)
[458/17421] 2024-04-10 - 13 Quantum Computing Companies Working With Superconducting Technology [c4e65e9c]: skipping (already done; pass --force to redo)
[459/17421] 2024-04-10 - How 10 Asian Companies Are Forging The The Quantum Computing Industry [d8bf8096]: skipping (already done; pass --force to redo)
[460/17421] 2024-04-10 - 5 Hot Quantum Computing Startups Freshly Funded In 2022 [09d2e16c]: skipping (already done; pass --force to redo)
[461/17421] 2024-04-10 - 5 Singapore Based Quantum Startups Doing The Island City State Proud [501f3892]: skipping (already done; pass --force to redo)
[462/17421] 2024-04-11 - Edf Cto Stephane Tanguy Discusses Quantum Computing For Energy Transition [99756f9c]: skipping (already done; pass --force to redo)
[463/17421] 2024-04-11 - Viavi Introduces Performance Testing For Post Quantum Cryptography Deployments [0728114e]: skipping (already done; pass --force to redo)
[464/17421] 2024-04-11 - Republicans Officially Introduce The Defense Quantum Acceleration Act [05614ef8]: skipping (already done; pass --force to redo)
[465/17421] 2024-04-11 - Quantonation Announces First Closing Of Its New E200 Million Fund Dedicated To Quantum Technologies [bf6082aa]: skipping (already done; pass --force to redo)
[466/17421] 2024-04-11 - Peter Higgs Nobel Prize Winner Who Predicted Higgs Boson Dies At 94 [c16fa27a]: skipping (already done; pass --force to redo)
[467/17421] 2024-04-11 - Superposition Guys Podcast Enrique Solano Daniel Volz Kipu Quantum [6b8b7cf4]: skipping (already done; pass --force to redo)
[468/17421] 2024-04-11 - Creative Destruction Labs Quantum Stream Expands Connecting Quantum Hubs In Toronto And Montreal [8d5cbd77]: skipping (already done; pass --force to redo)
[469/17421] 2024-04-11 - Researchers Outline Framework For Responsible Quantum Technology [97b6a1ff]: skipping (already done; pass --force to redo)
[470/17421] 2024-04-11 - Arsenic And New Quantum Devices Princeton Physicists Say Hybrid Topological Discovery Could Lead To New Quantum Electronics [a8478303]: skipping (already done; pass --force to redo)
[471/17421] 2024-04-11 - Seeqc Receives Award From The Us Department Of Energy To Produce Amplifiers For Fundamental Physics Research And Quantum Computing [c800981a]: skipping (already done; pass --force to redo)
[472/17421] 2024-04-11 - Cnbc To Air Special On Colorados Emerging Quantum Ecosystems [79db72ef]: skipping (already done; pass --force to redo)
[473/17421] 2024-04-11 - Anthony Laing Of Duality Quantum Photonics On Navigating Qcs Frontiers Ethical Innovation [b2dff77c]: skipping (already done; pass --force to redo)
[474/17421] 2024-04-11 - Ntt Research Phi Lab Scientists Achieve Quantum Control Of Excitons In 2D Semiconductors [b47e4455]: skipping (already done; pass --force to redo)
[475/17421] 2024-04-11 - Nsa Expert Quantum Computing To Enter Workforce In 3 To 5 Years [56b643df]: skipping (already done; pass --force to redo)
[476/17421] 2024-04-11 - Scientist Say They Have First Experimental Evidence Of Gravitons That Could Connect Quantum Mechanics And Relativity [cbf24e79]: skipping (already done; pass --force to redo)
[477/17421] 2024-04-11 - Invention Should Shield Quantum Computers From Magnetic Interference [f06527c8]: skipping (already done; pass --force to redo)
[478/17421] 2024-04-11 - Qai Ventures Expands Globally Opening Canadian Office In Calgary To Harness Albertas Thriving Quantum Tech Scene [8fbb2f71]: skipping (already done; pass --force to redo)
[479/17421] 2024-04-11 - Congresswoman To Introduce Defense Quantum Acceleration Act [be7251fd]: skipping (already done; pass --force to redo)
[480/17421] 2024-04-11 - Resonance Expands Into Middle East Market Through Landmark Partnership With Vernewell Group [f7dd08b7]: skipping (already done; pass --force to redo)
[481/17421] 2024-04-11 - Quantum Steals Home Athletic Fields Are Moved To Make Way For Princetons New Quantum Facility [2b10f752]: skipping (already done; pass --force to redo)
[482/17421] 2024-04-11 - Infleqtion Names Matthew Kinsella Chief Executive Officer To Lead Next Phase Of Quantum Innovation And Growth [b9bc304c]: skipping (already done; pass --force to redo)
[483/17421] 2024-04-11 - Quantum Computing Made Accessible With Christopher Ferries The Quokka Launch [a2120c6c]: skipping (already done; pass --force to redo)
[484/17421] 2024-04-11 - Researchers Say Classical Optical Neural Network Shows Quantum Speedup [17efea1d]: skipping (already done; pass --force to redo)
[485/17421] 2024-04-11 - Global Quantum Leaders Unite Forge Strategic Alliances For The Future At Quantum Australia 2024 Conference [91018c3a]: skipping (already done; pass --force to redo)
[486/17421] 2024-04-11 - Navigating The Deep Tech Funding Landscape Strategies For Securing Investment And Accelerating Commercialization [177a90ec]: skipping (already done; pass --force to redo)
[487/17421] 2024-04-11 - Zapata Ai Stock Faces Steep Decline On First Day Of Trading Could Chill Future Spac Deals In Quantum [f67450dc]: skipping (already done; pass --force to redo)
[488/17421] 2024-04-11 - Etf Expert Says Quantum Will Replace Ai As The Next Investing Buzzword [6f90b746]: skipping (already done; pass --force to redo)
[489/17421] 2024-04-11 - Zapata Ai To Begin Trading April 1 [fe4f23dd]: skipping (already done; pass --force to redo)
[490/17421] 2024-04-11 - D Wave Says Momentum Is Undeniable As It Releases Q4 Full Year Financial Results [b7c7fbe6]: skipping (already done; pass --force to redo)
[491/17421] 2024-04-11 - French National Quantum Update March 2024 [e5af1e72]: skipping (already done; pass --force to redo)
[492/17421] 2024-04-11 - Quantum Computing Unleashing Unprecedented Potential Amid Ethical Quandaries [86fc4099]: skipping (already done; pass --force to redo)
[493/17421] 2024-04-11 - Economist Impact Presents 3Rd Annual Commercialising Quantum Global Summit [dfb5d5f9]: skipping (already done; pass --force to redo)
[494/17421] 2024-04-11 - Chicago Wont Be Second City In Quantum Illinois Governor Unveils Strategic Plan For Quantum [bd51dfab]: skipping (already done; pass --force to redo)
[495/17421] 2024-04-11 - Researchers Find New Way To Cool Quantum Simulators [fb79bd1a]: skipping (already done; pass --force to redo)
[496/17421] 2024-04-11 - Nemesis Technologies Capital Partners To Integrate With Family Office For Deep Tech Funding Innovation [40ea1e81]: skipping (already done; pass --force to redo)
[497/17421] 2024-04-11 - Study Finds No Neutrino Decoherence Sets Icy Grip On Neutrino Quantum Gravity Interactions [856a3097]: skipping (already done; pass --force to redo)
[498/17421] 2024-04-11 - Guest Post Generative Ai Makes Demonstrating Quantum Advantage Harder For Quantum Computing Thats Actually Good News [974d647e]: skipping (already done; pass --force to redo)
[499/17421] 2024-04-11 - Btq Research Sees A Quantum Energy Advantage For Blockchain [8db53e57]: skipping (already done; pass --force to redo)
[500/17421] 2024-04-11 - New Single Molecule Transistor That Uses Quantum Interference Could Lead To Smaller Faster More Energy Efficient Transistors [15b76088]: skipping (already done; pass --force to redo)
[501/17421] 2024-04-11 - Hot Qubits Cool Logic Diraq Makes Quantum Leap With Breakthrough Discovery Operating Quantum Computing Processors At 20X Warmer Temperatures [4058ab61]: skipping (already done; pass --force to redo)
[502/17421] 2024-04-11 - Researchers Develop Quantum Inspired Algorithm That Improves Cyber Attack Detection And Opens Ais Black Box [d6445f55]: skipping (already done; pass --force to redo)
[503/17421] 2024-04-11 - Waseda University Researchers Say New Quantum Algorithm Quickly Manages Challenging Combinatorial Optimization Problems [7267bd1e]: skipping (already done; pass --force to redo)
[504/17421] 2024-04-11 - Quobly Partners With Nanoacademic Technologies Inc To Enhance Silicon Spin Qubits For Quantum Computing [562490bf]: skipping (already done; pass --force to redo)
[505/17421] 2024-04-11 - Quantum In Education South Carolina Invests In Future Tech Empowering Students Attracting Talent [bab86b2f]: skipping (already done; pass --force to redo)
[506/17421] 2024-04-11 - Resonance Announces Six Technology Investment Leaders To Join Its Advisory Board [d7556a38]: skipping (already done; pass --force to redo)
[507/17421] 2024-04-11 - Officials Announce Launch Of Chattanooga Quantum Collaborative [93aee348]: skipping (already done; pass --force to redo)
[508/17421] 2024-04-11 - Is Q Day Closer Than We Think Ibm Researchers Say Hybrid Quantum Ai May Poses Near Term Threats [e30372f9]: skipping (already done; pass --force to redo)
[509/17421] 2024-04-11 - Alberta Takes The Lead In Quantum Tech Development [986a5f54]: skipping (already done; pass --force to redo)
[510/17421] 2024-04-11 - Intel And Qutech Deliver First Industrially Manufactured Qubit 2 [543a7557]: skipping (already done; pass --force to redo)
[511/17421] 2024-04-11 - Airbus And Bmw Group Announce Jury For The Quantum Mobility Quest [ed9110c2]: skipping (already done; pass --force to redo)
[512/17421] 2024-04-11 - Eu Leaders Sign Declaration On Quantum Technologies Showcase Quantum Tech [b97aee05]: skipping (already done; pass --force to redo)
[513/17421] 2024-04-11 - Bluefors Makes Dilution Refrigerators Easier To Use With New Software [bda8ac90]: skipping (already done; pass --force to redo)
[514/17421] 2024-04-11 - Orangeqs Accelerates Roadmap To Serve Industrial Quantum Chip Production And Developmen [f3f271ef]: skipping (already done; pass --force to redo)
[515/17421] 2024-04-11 - Terra Quantum Says Strategic Partnership With Megazonecloud Will Boost Quantum Innovation Across Asia [3f567801]: skipping (already done; pass --force to redo)
[516/17421] 2024-04-11 - How To Turn Science Into Products Deep Tech Podcast With Blaise Vignon Alice Bob [dad439e4]: skipping (already done; pass --force to redo)
[517/17421] 2024-04-11 - E21 Million In Funding Supports Forschungszentrum Julich Eleqtron Partnership To Develop Modular Quantum Supercomputer [ebb96306]: skipping (already done; pass --force to redo)
[518/17421] 2024-04-11 - Uk Germany Say Agreement Will Boost Scientific Partnerships In Quantum Ai [3569401a]: skipping (already done; pass --force to redo)
[519/17421] 2024-04-11 - Julich Supercomputing Centre To Install New Quantum Computer Iqm Spark In July [65b6ee46]: skipping (already done; pass --force to redo)
[520/17421] 2024-04-11 - Source Says Representative Will Introduce Legislation To Accelerate Quantum [7c5d5740]: skipping (already done; pass --force to redo)
[521/17421] 2024-04-11 - The Great Covergence The Future Of Quantum And Ai [8b9ba24f]: skipping (already done; pass --force to redo)
[522/17421] 2024-04-11 - Global Quantum Symposium International Visionaries On Game Changing Future Tech Advancements [9b2317e8]: skipping (already done; pass --force to redo)
[523/17421] 2024-04-11 - Thought Experiment Quantum Can Outperform Classical In Combinatorial Problems [eca19c21]: skipping (already done; pass --force to redo)
[524/17421] 2024-04-11 - Making It Look Tweezy Caltech Researchers Use Optical Tweezer Arrays To Trap Over 6100 Neutral Atoms [b008f8a1]: skipping (already done; pass --force to redo)
[525/17421] 2024-04-11 - Quantum Emotion Partners With The Platform For Digital And Quantum Innovation To Use Ibm Qcs For Security Platform Testing [23c08431]: skipping (already done; pass --force to redo)
[526/17421] 2024-04-11 - Antaris And Speqtral To Jointly Deploy Quantum Safe Key Distribution Satellites [c581b161]: skipping (already done; pass --force to redo)
[527/17421] 2024-04-11 - University Of Strathclyde To Host Applied Quantum Technologies Training Center [0fb59c47]: skipping (already done; pass --force to redo)
[528/17421] 2024-04-11 - Towards The Quantum Future Quantonation Announces Strategic Investment In Quantum Italia [f4dc2a0d]: skipping (already done; pass --force to redo)
[529/17421] 2024-04-11 - Venture Capital For Scientists A Guide For Quantum Tech Entrepreneurs [f5202621]: skipping (already done; pass --force to redo)
[530/17421] 2024-04-11 - Alice Bob To Integrate Cat Qubits In Datacenters Accelerated By Nvidia Technology [3ef4657a]: skipping (already done; pass --force to redo)
[531/17421] 2024-04-11 - Chinese Researchers Make Advance In Efficient Quantum Memory For 25 Dimensional Qudit [e08c6ff7]: skipping (already done; pass --force to redo)
[532/17421] 2024-04-11 - Personal Quantum Computer Emulator Project To Seek Support On Kickstarter [1b629d22]: skipping (already done; pass --force to redo)
[533/17421] 2024-04-11 - Iqm Quantum Computers Launches Iqm Resonance A Cloud Service To Advance Quantum Exploration And Research [a344cd58]: skipping (already done; pass --force to redo)
[534/17421] 2024-04-11 - Ionq And South Carolina Quantum Enter Strategic Agreement To Advance A Quantum Ecosystem In South Carolina [7aaeb657]: skipping (already done; pass --force to redo)
[535/17421] 2024-04-11 - Lightsolver Laser Computing System Empowers Enterprises To Solve Optimization Problems [47d56243]: skipping (already done; pass --force to redo)
[536/17421] 2024-04-11 - University Of Southampton Receives Millions To Launch Two Quantum Research Centers [4ae15940]: skipping (already done; pass --force to redo)
[537/17421] 2024-04-11 - Dr Marianna Bonanome Explores Quantum Computings Revolutionary Impact Emerging Threats At Stony Brook University Event [00341785]: skipping (already done; pass --force to redo)
[538/17421] 2024-04-11 - A Deep Tech Commercial Bridgehead Strategy To Cross The Valley Of Death [99d8a64d]: skipping (already done; pass --force to redo)
[539/17421] 2024-04-11 - Japanese Joint Research Group Wins Prime Ministers Award With Computing Platform Using 64 Qubit Quantum Computer [c221c478]: skipping (already done; pass --force to redo)
[540/17421] 2024-04-11 - New Research Facility Set To Unlock Secrets Of Quantum Materials [7d1d8690]: skipping (already done; pass --force to redo)
[541/17421] 2024-04-11 - First Eu Country Implements Qanplatforms Quantum Resistant Technology [91ca04be]: skipping (already done; pass --force to redo)
[542/17421] 2024-04-11 - Superposition Guy Podcast Niccolo Somaschi Ceo Quandela [b6f68d23]: skipping (already done; pass --force to redo)
[543/17421] 2024-04-11 - Orca Computing Unveils First Demonstration Of A Hybrid Algorithm Using The Orca Pt 1 Photonic Quantum Processor And Nvidia Cuda Quantum [ca69870e]: skipping (already done; pass --force to redo)
[544/17421] 2024-04-11 - Q Got Mail Tuta Launches Post Quantum Cryptography For Email [b954fc4e]: skipping (already done; pass --force to redo)
[545/17421] 2024-04-11 - Riverlane Granted Two Us Power Aware Patents [adc7e219]: skipping (already done; pass --force to redo)
[546/17421] 2024-04-11 - Ionq And Desy Research Highlights Quantums Potential Benefits For Airport Flight Gate Optimization [2c9af1ad]: skipping (already done; pass --force to redo)
[547/17421] 2024-04-11 - Check Out Institut Quantiques Latest Quantum Enigma Extreme Sports Which Illustrates A Quantum Advantage Using The Ghz State [eb4fa3d3]: skipping (already done; pass --force to redo)
[548/17421] 2024-04-11 - Qusecure Launches Crypto Agile Post Quantum Cryptography Protection For Cisco Router Network Encryption [518b37da]: skipping (already done; pass --force to redo)
[549/17421] 2024-04-11 - Diana Natos Innovation Accelerator Doubles The Size Of Its Transatlantic Network [92e9b306]: skipping (already done; pass --force to redo)
[550/17421] 2024-04-11 - Innovative Chilean Device Creates Random Numbers And Self Certifies To Thwart Cyberattacks [9e782157]: skipping (already done; pass --force to redo)
[551/17421] 2024-04-11 - Vexlum Awarded E2 4 Million Highly Competitive Eic Accelerator Grant For Laser Technology Developments [a0cf6dda]: skipping (already done; pass --force to redo)
[552/17421] 2024-04-11 - Quantum Cybersecurity Explained Comprehensive Guide [65477203]: skipping (already done; pass --force to redo)
[553/17421] 2024-04-11 - Semiqon Announces Successful Testing And Global Shipping Of Its Silicon Based Quantum Chips And Transistors [6141bae2]: skipping (already done; pass --force to redo)
[554/17421] 2024-04-11 - Ibm Agreement Boosts Uscs Quantum Computing Leadership [ff60d1fe]: skipping (already done; pass --force to redo)
[555/17421] 2024-04-11 - Qmware Announces Collaboration With Nvidia And Oracle To Advance Hybrid Quantum Computing For Enterprises [554fb9d1]: skipping (already done; pass --force to redo)
[556/17421] 2024-04-11 - Pasqal Announces New Roadmap Focused On Business Utility And Scaling Beyond 1000 Qubits Towards Fault Tolerance Era [32478bef]: skipping (already done; pass --force to redo)
[557/17421] 2024-04-11 - Quantistry Secures E3 Million Funding Led By Ananda Impact Ventures To Accelerate Discovery Of New Sustainable Materials [87a390b7]: skipping (already done; pass --force to redo)
[558/17421] 2024-04-11 - Tqi Exclusive Darpa Sees Opportunities In Quantum Computings Complex Challenges [e2f92fff]: skipping (already done; pass --force to redo)
[559/17421] 2024-04-11 - Extropics Lite Paper Unveils Vision For Next Generation Ai Tech Superconducting Chips [b7b7cfa8]: skipping (already done; pass --force to redo)
[560/17421] 2024-04-11 - Vitalik Buterin Proposes Hard Fork Strategy To Protect Ethereum From Quantum Attacks [5c2115f5]: skipping (already done; pass --force to redo)
[561/17421] 2024-04-11 - French Defense Agency To Award Startups E500 Million Plus To Build Universal Quantum Computers [e562b22e]: skipping (already done; pass --force to redo)
[562/17421] 2024-04-11 - Q Ant And Fraunhofer Ipa Establish Competence Centre For Prosthetics With Quantum Technology [12783634]: skipping (already done; pass --force to redo)
[563/17421] 2024-04-11 - Connecticut Researchers Say Its Time For Quantum Tech [54e635ae]: skipping (already done; pass --force to redo)
[564/17421] 2024-04-11 - Rolls Royce Riverlane And Xanadu Partner To Win Canada Uk Quantum Computing Bid [0c985ab7]: skipping (already done; pass --force to redo)
[565/17421] 2024-04-11 - Qcentroid And Quindata Io Join Forces To Revolutionize Quantum Computing For Businesses In The Benelux [e6fdbd4d]: skipping (already done; pass --force to redo)
[566/17421] 2024-04-11 - Hp Launches Business Pcs To Protect Firmware Against Quantum Computer Hacks [b4f07ab2]: skipping (already done; pass --force to redo)
[567/17421] 2024-04-11 - Vescent Announces 5 Million In Series Seed Funding Led By Corporate Fuel [01c9258d]: skipping (already done; pass --force to redo)
[568/17421] 2024-04-11 - Researchers Say New Algorithm Outperforms Existing Ai Compressors In Accuracy And Reduction Of Computational Demands Of Gpt 2 [8d9447e4]: skipping (already done; pass --force to redo)
[569/17421] 2024-04-11 - Study Quantum Computing Will Radically Alter Copyright Law Application [415b42c3]: skipping (already done; pass --force to redo)
[570/17421] 2024-04-11 - Quantrolox And Zurich Instruments Unite For Quantum Advantage [803fe271]: skipping (already done; pass --force to redo)
[571/17421] 2024-04-11 - Kvantify Launches Its First Product To Improve Drug Discovery [f797b492]: skipping (already done; pass --force to redo)
[572/17421] 2024-04-11 - France 2030 Progress Update Three Years After The Launch Of The National Quantum Technologies Strategy And The Launch Of The Proqcima Program [4be6a542]: skipping (already done; pass --force to redo)
[573/17421] 2024-04-11 - Nokia Leads The Charge In Quantum Safe Networking Says Vp James Watt At Mwc24 [b55cd801]: skipping (already done; pass --force to redo)
[574/17421] 2024-04-11 - Scalinq Launches Large Scale Packaging Solution That Can Control Quantum Devices With Hundreds Of Qubits [c78c1af9]: skipping (already done; pass --force to redo)
[575/17421] 2024-04-11 - Qblox Maybell And Quantware Unite To Launch A Full Stack Quantum System In Just 2 Days [5f72e8ff]: skipping (already done; pass --force to redo)
[576/17421] 2024-04-11 - Zero Point Cryogenics Announces Funding For Quantum Sensing Technology Project From Canadian Government [9a8a63a2]: skipping (already done; pass --force to redo)
[577/17421] 2024-04-11 - 5 Million Xprize Focuses On Quantum Applications [58665bd9]: skipping (already done; pass --force to redo)
[578/17421] 2024-04-11 - The Open Quantum Institute Launches Its Pilot Phase At Cern [0b90155c]: skipping (already done; pass --force to redo)
[579/17421] 2024-04-11 - Chevron Joins Oqcs 100 Million Series B Funding Round [79ba9665]: skipping (already done; pass --force to redo)
[580/17421] 2024-04-11 - Bluefors Launches New Gas Handling System Generation 2 [380e81d1]: skipping (already done; pass --force to redo)
[581/17421] 2024-04-11 - Quantinuum Demonstrates Their Quantum Computers Will Scale With Major Hardware Innovation [ea3b3021]: skipping (already done; pass --force to redo)
[582/17421] 2024-04-11 - Multiverse Computing Raises Oversubscribed E25 Million Series A Investment Round To Advance Quantum And Quantum Inspired Computing Software [b189c6d6]: skipping (already done; pass --force to redo)
[583/17421] 2024-04-11 - Seeq Announces Generative Ai Capabilities With Seeq Ai Assistant [262cf3d6]: skipping (already done; pass --force to redo)
[584/17421] 2024-04-11 - Origin Quantums Founder Pushes For Action To Secure Chinas Quantum Self Reliance [ea1cb3c5]: skipping (already done; pass --force to redo)
[585/17421] 2024-04-11 - Sbquantum And Silicon Microgravity Partner To Accelerate Mining Exploration Using Quantum Sensing With Funding From Uk Canada [1c396f9c]: skipping (already done; pass --force to redo)
[586/17421] 2024-04-11 - Keysight Introduces Quantumpro Delivering Integrated Eda Workflow For Qubit Design [6087379e]: skipping (already done; pass --force to redo)
[587/17421] 2024-04-11 - How Services Increase Quantum Computing Availability [6d7332e8]: skipping (already done; pass --force to redo)
[588/17421] 2024-04-11 - Quantum Circuits Appoints Ray Smets As President And Ceo [dd62b2bc]: skipping (already done; pass --force to redo)
[589/17421] 2024-04-11 - Bioinnovation Institute And Deep Tech Lab Quantum Join Forces To Fund Quantum Companies With Life Science Applications [6aed1cd3]: skipping (already done; pass --force to redo)
[590/17421] 2024-04-11 - Quantum Computing Pioneers Unveil Future Of Supercomputing At Nvidia [445f913c]: skipping (already done; pass --force to redo)
[591/17421] 2024-04-11 - Tomorrows Quantum Hotbeds 7 U S Cities That Could Incubate The Next Great Quantum Technology Ecosystem [489fafea]: skipping (already done; pass --force to redo)
[592/17421] 2024-04-11 - Quantum Advocate Charles Tahan Departs Government Roles Says It Is Now Time To Reauthorize The Nqi Act [3212dd42]: skipping (already done; pass --force to redo)
[593/17421] 2024-04-11 - Governor Polis And Governor Lujan Grisham Urge The Department Of Commerce To Fund The Regional Quantum Partnership With Phase 2 Implementation Grant [19aa171b]: skipping (already done; pass --force to redo)
[594/17421] 2024-04-11 - The Platform For Digital And Quantum Innovation Of Quebec Pinq² And The Quantum Algorithms Institute Qai Announce Strategic Partnership [112f3e1d]: skipping (already done; pass --force to redo)
[595/17421] 2024-04-11 - Ionqs Financial Results Company Beats Full Year Consensus On Revenue And Bookings [78d0bdfb]: skipping (already done; pass --force to redo)
[596/17421] 2024-04-11 - Quantroloxs Quantum Edge Delivers Over 100X Speed Up [3fe79acd]: skipping (already done; pass --force to redo)
[597/17421] 2024-04-11 - Maybell Quantum Announces 25 Million Series A Funding Led By Cerberus [da0a0825]: skipping (already done; pass --force to redo)
[598/17421] 2024-04-11 - French National Quantum Update February 2024 [78829af1]: skipping (already done; pass --force to redo)
[599/17421] 2024-04-11 - Quantware Say Its Next Generation Of Quantum Processors Reach 99 9 Gate Fidelities [3571efd4]: skipping (already done; pass --force to redo)
[600/17421] 2024-04-11 - Quantinuum Deepmind Scientists Use Ai To Minimize Tricky T Gates In Step Toward Practical Quantum Computing [70747844]: skipping (already done; pass --force to redo)
[601/17421] 2024-04-11 - Quantum Computing Pioneers Join Alice Bobs Consultative Board [27e94ee1]: skipping (already done; pass --force to redo)
[602/17421] 2024-04-11 - Qia Officially Launches Qia Technology Forum At The Mobile World Congress 2024 [7758ad3c]: skipping (already done; pass --force to redo)
[603/17421] 2024-04-11 - Too Many Quantum Cooks Why The Pentagon Needs A Quantum Czar [75323659]: skipping (already done; pass --force to redo)
[604/17421] 2024-04-11 - Phasecraft Wins 1 2 Million Uk Government Contract To Develop Quantum Algorithms To Optimise Energy Grids [fd6e62a3]: skipping (already done; pass --force to redo)
[605/17421] 2024-04-11 - Mit Researchers Graphene Advances Could Lead To More Robust Quantum Computing [fb027ab6]: skipping (already done; pass --force to redo)
[606/17421] 2024-04-11 - Xanadu Receives 3 75 Million Cad To Boost Quantum Research Education [ce635971]: skipping (already done; pass --force to redo)
[607/17421] 2024-04-11 - Russian Scientists Expect A 50 Qubit Quantum Computer By End Of 2024 [423a822c]: skipping (already done; pass --force to redo)
[608/17421] 2024-04-11 - In Step Toward Quantum Networks Ionq Generates Photons Entangled With Ions [bac10751]: skipping (already done; pass --force to redo)
[609/17421] 2024-04-11 - Q Ctrl Teams Up With Wolfram Qblox And Others To Deliver A Complete Quantum Computing Toolset [6012fc4d]: skipping (already done; pass --force to redo)
[610/17421] 2024-04-11 - Riverlane Rigetti Computing And Oak Ridge National Laboratory Partner To Improve Hpc Quantum Integration [8892c00c]: skipping (already done; pass --force to redo)
[611/17421] 2024-04-11 - Scientists Develop A Technique To Protect A Quantum Era Metaverse [ecac39f6]: skipping (already done; pass --force to redo)
[612/17421] 2024-04-11 - Scientists Closer To Solving Mysteries Of Universe After Measuring Gravity In Quantum World [a7e37d94]: skipping (already done; pass --force to redo)
[613/17421] 2024-04-11 - France Advances Quantum Technology Export Controls Under New Eu Regulation Framework [fde37c66]: skipping (already done; pass --force to redo)
[614/17421] 2024-04-11 - New Superconducting Flowermon Qubit Boosts Stability Of Quantum Information [6047f61f]: skipping (already done; pass --force to redo)
[615/17421] 2024-04-11 - Diraq Opens New Commercial Laboratory In Sydney To Propel Era Of Fault Tolerant Quantum Computing [05c96fe9]: skipping (already done; pass --force to redo)
[616/17421] 2024-04-12 - Hold March 27 9 A M Et Softbank Telecom Successfully Uses Sandboxaqs Aqtive Guard To Identify Undetected Security Vulnerabilities In Existing It Infrastructure [71b29617]: skipping (already done; pass --force to redo)
[617/17421] 2024-04-12 - Solving Problems Building Bonds A Qa With Quera Team On Participating In Quantum Computing Challenges [d347f6c1]: skipping (already done; pass --force to redo)
[618/17421] 2024-04-12 - Friday April 12 9 A M Et Novonesis Kvantify Perform Enzymatic Reactions With Quantum Computer Hardware [79c17a51]: skipping (already done; pass --force to redo)
[619/17421] 2024-04-12 - Private Quantum Cloud Oxford University Physicists Make Advance In Blind Quantum Computing [c2fe50c0]: skipping (already done; pass --force to redo)
[620/17421] 2024-04-12 - Harnessing The Power Of Neutrality Comparing Neutral Atom Quantum Computing With Other Modalities [52f5f0e1]: skipping (already done; pass --force to redo)
[621/17421] 2024-04-12 - Novo Nordisk Foundation Pledges Dkk 150 Million To Build Research Center To Explore Quantum Sensing For Early Disease Detection Prevention [1ea9a15e]: skipping (already done; pass --force to redo)
[622/17421] 2024-04-12 - Nvidia Accelerates Quantum Computing Exploration At Australias Pawsey Supercomputing Centre [ac41912d]: skipping (already done; pass --force to redo)
[623/17421] 2024-04-12 - Apple Unveils Post Quantum Secure Messaging With Imessage [c3631acc]: skipping (already done; pass --force to redo)
[624/17421] 2024-04-12 - Securing Digital Trust In An Era Dominated By Quantum Computing Ai [d0f52771]: skipping (already done; pass --force to redo)
[625/17421] 2024-04-12 - Illinois Governor Requests 500 Million For Quantum [9a15e5cc]: skipping (already done; pass --force to redo)
[626/17421] 2024-04-12 - Quantum Economics Could A New Economic Paradigm Be Guided By Quantum Models [bf1d3e80]: skipping (already done; pass --force to redo)
[627/17421] 2024-04-12 - Iqm Quantum Computers Achieves A New Benchmark Result On 20 Qubit Quantum Computer [174a887f]: skipping (already done; pass --force to redo)
[628/17421] 2024-04-12 - State Leaders Announce Details Of Legislation To Accelerate Colorados Quantum Ecosystem [d8a5b969]: skipping (already done; pass --force to redo)
[629/17421] 2024-04-12 - Tu Darmstadt Publish On Architecture With 1000 Plus Atomic Qubits In A Single Plane [155e1121]: skipping (already done; pass --force to redo)
[630/17421] 2024-04-12 - Nec And D Wave Introduce New Quantum Offerings To Australian Market [a1416fc4]: skipping (already done; pass --force to redo)
[631/17421] 2024-04-12 - Fujitsu Develops Technique To Speed Up Quantum Circuit Computation In Quantum Simulator By 200 Times [67b8fcba]: skipping (already done; pass --force to redo)
[632/17421] 2024-04-12 - Novel Solutions For Continuously Loading Large Atomic Arrays [e13b966f]: skipping (already done; pass --force to redo)
[633/17421] 2024-04-12 - South Carolina Proposed 15 Million To Provide Quantum Computer Access [5288001d]: skipping (already done; pass --force to redo)
[634/17421] 2024-04-12 - Bluefors Launches Microwave Readout Module With A Twpa [caf4840e]: skipping (already done; pass --force to redo)
[635/17421] 2024-04-12 - Pasqal University Of Calgary And Quantum City Initiate New Quantum Computing Partnership [64576c52]: skipping (already done; pass --force to redo)
[636/17421] 2024-04-12 - Quantum Enhanced Generative Ai Generates Viable Cancer Drug Candidates [ea50bb69]: skipping (already done; pass --force to redo)
[637/17421] 2024-04-12 - Earlier Education Easy Access And More Collaboration New Working In Quantum Video Series Explores Routes To Growth [149789de]: skipping (already done; pass --force to redo)
[638/17421] 2024-04-12 - Planqc Led Researchers Achieve Continuous Operation Of 1200 Atom Array [5e1a57f3]: skipping (already done; pass --force to redo)
[639/17421] 2024-04-12 - Amazec Photonics Secures E1 5 Million In Seed Funding For Cardiovascular Diagnostics [820725cb]: skipping (already done; pass --force to redo)
[640/17421] 2024-04-12 - Quantinuum Led Scientists Non Abelian Topological Order Study Published In Nature [692bcb97]: skipping (already done; pass --force to redo)
[641/17421] 2024-04-12 - D Wave Announces Availability Of 1200 Qubit Advantage2 Prototype In The Leap Quantum Cloud Service [40b46d10]: skipping (already done; pass --force to redo)
[642/17421] 2024-04-12 - Oxford Instruments Announces Winner Of The 2024 Lee Osheroff Richardson Science Prize [36138352]: skipping (already done; pass --force to redo)
[643/17421] 2024-04-12 - Guest Post The Unexaggerated Magic Of Quantum Part Ii [f06a23c8]: skipping (already done; pass --force to redo)
[644/17421] 2024-04-12 - Pasqal Announces New Chairman Deputy Ceo And Creates New Divisions In Response To Rapid Growth [3ea7c6e3]: skipping (already done; pass --force to redo)
[645/17421] 2024-04-12 - Five Reasons To Love Quantum Technology On Valentines Day [7c770b48]: skipping (already done; pass --force to redo)
[646/17421] 2024-04-12 - White House Releases Updated List Of Critical And Emerging Technologies [6760602b]: skipping (already done; pass --force to redo)
[647/17421] 2024-04-12 - Research Quantum Education Outreach Pivotal To Delivering Quantums Potential [0814692c]: skipping (already done; pass --force to redo)
[648/17421] 2024-04-12 - South Korea Sets Stage For Technological Revolution With Quantum Computing Initiatives [ba787810]: skipping (already done; pass --force to redo)
[649/17421] 2024-04-12 - Ionq Opens Doors To First Dedicated Quantum Computing Manufacturing Facility In U S [307d25c4]: skipping (already done; pass --force to redo)
[650/17421] 2024-04-12 - Quantum Source Leverages Unique Technology To Revolutionize Quantum Computing Efficiency [fbffda5d]: skipping (already done; pass --force to redo)
[651/17421] 2024-04-12 - Boost Vcs Founder Start Program Aims To Inspire Would Be Deep Tech Entrepreneurs [f1a45133]: skipping (already done; pass --force to redo)
[652/17421] 2024-04-12 - Deciphering Quantum Enigmas The Role Of Nonlocal Boxes In Defining The Boundaries Of Physical Feasibility [e047976e]: skipping (already done; pass --force to redo)
[653/17421] 2024-04-12 - Uk Testing Whether Quantum Can Be The Engine For More Efficient Safer Rail Service [0c366e4d]: skipping (already done; pass --force to redo)
[654/17421] 2024-04-12 - New Roadmap To Position Europe As The Quantum Valley Of The World [bc733db7]: skipping (already done; pass --force to redo)
[655/17421] 2024-04-12 - Iqm Quantum Computers Announces New Co Ceo Structure [532f46b4]: skipping (already done; pass --force to redo)
[656/17421] 2024-04-12 - Quantum Machines Products Now Available Through Oxford Instruments Nanoscience For Streamlined Purchasing [255c3adb]: skipping (already done; pass --force to redo)
[657/17421] 2024-04-12 - Researchers Make Advance In Single Photon Sources At Room Temperature [e22c70be]: skipping (already done; pass --force to redo)
[658/17421] 2024-04-12 - Citi And Classiq Use Amazon Braket To Explore Quantum Solutions For Portfolio Optimization [803c947c]: skipping (already done; pass --force to redo)
[659/17421] 2024-04-12 - Research Team Takes A Fundamental Step Toward A Functioning Quantum Internet [5c205161]: skipping (already done; pass --force to redo)
[660/17421] 2024-04-12 - Quantum Motion Wins Bid To Deliver First Silicon Quantum Computing Prototype To Nqcc [71e70940]: skipping (already done; pass --force to redo)
[661/17421] 2024-04-12 - John Preskill Announced As 2024 Bell Prize Winner [07785efa]: skipping (already done; pass --force to redo)
[662/17421] 2024-04-12 - Orca Computing To Deploy Quantum Photonics Testbed To Uk National Quantum Computing Centre [f6cc57e6]: skipping (already done; pass --force to redo)
[663/17421] 2024-04-12 - Semiqon And Cmc Microsystems Collaboration Aims To Accelerate Development Of And Access To Silicon Based Quantum Computers [6bf0ad7e]: skipping (already done; pass --force to redo)
[664/17421] 2024-04-12 - Infleqtion Unveils 5 Year Quantum Computing Roadmap Advancing Plans To Commercialize Quantum At Scale [23968680]: skipping (already done; pass --force to redo)
[665/17421] 2024-04-12 - Nord Quantique Makes A Logical Qubit Out Of A Physical Qubit [cece02a1]: skipping (already done; pass --force to redo)
[666/17421] 2024-04-12 - Diraq Secures Usd 15 Million In Series A 2 Funding [8352533b]: skipping (already done; pass --force to redo)
[667/17421] 2024-04-12 - Silicon Quantum Computing Announces Simon Segars Former Arm Ceo As Its New Chair And Welcomes Fiona Pak Poy As A New Director [c2f1e684]: skipping (already done; pass --force to redo)
[668/17421] 2024-04-12 - Its About Time Crystals Research Team Uses Time Crystals As Quantum Computer Controls [672fdfbc]: skipping (already done; pass --force to redo)
[669/17421] 2024-04-12 - D Wave And Zapata Ai Announce Strategic Technical And Commercial Collaboration To Advance Quantum Enabled Machine Learning [21738c3f]: skipping (already done; pass --force to redo)
[670/17421] 2024-04-12 - Researchers Develop New Techniques For Making Qubits Out Of Erbium [c097cd65]: skipping (already done; pass --force to redo)
[671/17421] 2024-04-12 - Researchers Deep Tech Needs Old School Venture Capital [0f42ac10]: skipping (already done; pass --force to redo)
[672/17421] 2024-04-12 - In Conversation With Uk Nqccs Deputy Director For Innovation Simon Plant Quantum Testbed Initiative Has Industry National And Global Implications [1e74e753]: skipping (already done; pass --force to redo)
[673/17421] 2024-04-12 - Pasqal The Korea Advanced Institute Of Science And Technology Kaist And Daejeon City Forge Quantum Partnership [00641037]: skipping (already done; pass --force to redo)
[674/17421] 2024-04-12 - Global Quantum Symposium Gathers 40 Global Leaders Who Shape The Quantum Field March 18 20 2024 [21617f64]: skipping (already done; pass --force to redo)
[675/17421] 2024-04-12 - Quera To Build Advanced Quantum Computing Testbed In Uk [92c92c94]: skipping (already done; pass --force to redo)
[676/17421] 2024-04-12 - Eurohpc Ju Launches Procurement For New Quantum Computer In France [066ded15]: skipping (already done; pass --force to redo)
[677/17421] 2024-04-12 - Alliance Launches To Advance Post Quantum Cryptography [f4158a88]: skipping (already done; pass --force to redo)
[678/17421] 2024-04-12 - Quantum Innovation Summit 2024 Pioneering Quantum Technology In The Mena Region And Beyond [6cb3d9c1]: skipping (already done; pass --force to redo)
[679/17421] 2024-04-12 - A Physical Qubit With Built In Error Correction [149e943a]: skipping (already done; pass --force to redo)
[680/17421] 2024-04-12 - Quantinuum Researchers Shine A Light Into Ais Black Box [c4be8305]: skipping (already done; pass --force to redo)
[681/17421] 2024-04-12 - Unlocking The Potential Of Quantum 45 Million Investment To Drive Breakthroughs In Brain Scanners Navigation Systems And Quantum Computing [f102286a]: skipping (already done; pass --force to redo)
[682/17421] 2024-04-12 - What Is Quantum Computing [a4588ecc]: skipping (already done; pass --force to redo)
[683/17421] 2024-04-12 - Aquarks Unique Technique For Generating Cold Atoms Achieved By University Of Birmingham [6e80b008]: skipping (already done; pass --force to redo)
[684/17421] 2024-04-12 - Qusecure Contributes To White House Quantum Security Roundtable Addressing The Post Quantum Cybersecurity Threat [4a687d44]: skipping (already done; pass --force to redo)
[685/17421] 2024-04-12 - Ibm And Ionq Researchers Design Classical Algorithm To Tackle Recent Harvard Led Studys Computational Task [56311a0c]: skipping (already done; pass --force to redo)
[686/17421] 2024-04-12 - Quantware Launches Next Generation Crescendo S Concerto [9fe5c4da]: skipping (already done; pass --force to redo)
[687/17421] 2024-04-12 - Multiverse Computing And Single Quantum Launch Materials Science Research Contract With German Aerospace Center [52c76c4c]: skipping (already done; pass --force to redo)
[688/17421] 2024-04-12 - Quantum Industry Explained Applications Innovations Challenges [19cd0c45]: skipping (already done; pass --force to redo)
[689/17421] 2024-04-12 - Developing The Quantum Future With Bluefors Lab [3baaf6b7]: skipping (already done; pass --force to redo)
[690/17421] 2024-04-12 - Qnami Expands Into Japan And South Korea [9f97105e]: skipping (already done; pass --force to redo)
[691/17421] 2024-04-12 - Himadri Majumdar Semiqon Ceo Kpmg Tech Innovator Finalist Advances Quantum Computing With Silicon Based Processors [e445f416]: skipping (already done; pass --force to redo)
[692/17421] 2024-04-12 - Tqi Exclusive Orca Ceo On Why Integrated Photonics Division Acquisition Makes Solid Sense For Quantum [529b8181]: skipping (already done; pass --force to redo)
[693/17421] 2024-04-12 - Riverlane Mit Researchers Work On Quantum Algorithms For Fusion Energy [808afee6]: skipping (already done; pass --force to redo)
[694/17421] 2024-04-12 - Ontario Funds Quantum Tech Development With 14 9 Million Investment [e2106e7a]: skipping (already done; pass --force to redo)
[695/17421] 2024-04-12 - Swedish Company Conscience Ab Launch First Generation Quantum Device [0fedb6dd]: skipping (already done; pass --force to redo)
[696/17421] 2024-04-12 - Quantum City Challenge Inspires Quantum Community To Solve Real World Energy Challenges [56f18b79]: skipping (already done; pass --force to redo)
[697/17421] 2024-04-12 - Chinas Research Advance Could Allow Non Helium Cooling Of Quantum Computers [c0b28d00]: skipping (already done; pass --force to redo)
[698/17421] 2024-04-12 - Nu Quantum Cisco Launch Project To Create Modular And Scalable Quantum Network [f06328af]: skipping (already done; pass --force to redo)
[699/17421] 2024-04-12 - Epb And Oak Ridge National Laboratory Announce Plans For Research Collaborative Focused On Energy Resilience And Quantum Technology [608c7deb]: skipping (already done; pass --force to redo)
[700/17421] 2024-04-12 - Guest Post Quantum Exponentials Stuart Woods In Conversation With Mandy Birch [2b940ed6]: skipping (already done; pass --force to redo)
[701/17421] 2024-04-12 - Qubit Pharmaceuticals Institut Curie And The University Of Bordeaux Team Up On Cancer Therapy Development [bba6ac1f]: skipping (already done; pass --force to redo)
[702/17421] 2024-04-12 - French National Quantum Update January 2024 [238dae61]: skipping (already done; pass --force to redo)
[703/17421] 2024-04-12 - Andretti Acquisition Zapata Ai Merger Gets Sec Approval Another Step Toward Public Listing [d04615c7]: skipping (already done; pass --force to redo)
[704/17421] 2024-04-12 - Quantum Computing Can Help Unlock Understanding Of Aging And Disease [1b3c173c]: skipping (already done; pass --force to redo)
[705/17421] 2024-04-12 - Orca Computing Leaps Forward In Quantum Computing Race With Acquisition [3b34d985]: skipping (already done; pass --force to redo)
[706/17421] 2024-04-12 - Quantum Computing Takes The Stage In Cleveland Clinic Ceo Tom Mihaljevics 2024 State Of The Clinic Address [b9c941dc]: skipping (already done; pass --force to redo)
[707/17421] 2024-04-12 - Planqc And D Fine Win Contract From Quantum Computing Initiative Of The German Aerospace Center [3efd5566]: skipping (already done; pass --force to redo)
[708/17421] 2024-04-12 - Infleqtion Acquires Silicon Photonics Leaders Sinoptiq Inc And Morton Photonics Inc [85d67402]: skipping (already done; pass --force to redo)
[709/17421] 2024-04-12 - Ionq Achieves Technical Milestone One Year Ahead Of Schedule [2ec68973]: skipping (already done; pass --force to redo)
[710/17421] 2024-04-12 - U S Air Force Collaborators Award Quantum Technology Grants [3cf18ccc]: skipping (already done; pass --force to redo)
[711/17421] 2024-04-12 - Tqi Exclusive Uk Tech Envoy Uk Quantum Ecosystems Strengths Make It A Strategic Global Partner [cfee5b8a]: skipping (already done; pass --force to redo)
[712/17421] 2024-04-12 - Guest Post Errare Quantum Est But We Are Learning To Grapple With It [8f5474eb]: skipping (already done; pass --force to redo)
[713/17421] 2024-04-12 - Rescale Ionq Launch Partnership To Accelerate Hybrid Quantum Computing [d988fd07]: skipping (already done; pass --force to redo)
[714/17421] 2024-04-12 - Using Scotch Tape And Quantum Mechanics Scientists See Signs Of Global Room Temperature Superconductivity In Graphite [7a3bfae7]: skipping (already done; pass --force to redo)
[715/17421] 2024-04-12 - Quantum Algorithm Can Be Used To Optimize Telecommunication Networks [5152bc3a]: skipping (already done; pass --force to redo)
[716/17421] 2024-04-12 - Call For Proposals Eureka Network Seeks Applied Quantum Technologies [7ed61a35]: skipping (already done; pass --force to redo)
[717/17421] 2024-04-12 - D Wave Announces 1200 Qubit Advantage2 Prototype In New Lower Noise Fabrication Stack Demonstrating 20X Faster Time To Solution On Important Class Of Hard Optimization Problems [5a05e317]: skipping (already done; pass --force to redo)
[718/17421] 2024-04-12 - Thales And Quantinuum Launch Starter Kit To Prepare Enterprises For Post Quantum Cryptography Changes Ahead [309eac6e]: skipping (already done; pass --force to redo)
[719/17421] 2024-04-12 - Fujitsu Announces Winners Of The Fujitsu Quantum Simulator Challenge [d5570765]: skipping (already done; pass --force to redo)
[720/17421] 2024-04-12 - Tqi Exclusive Photonics Illuminating Quantum Technology Trends Challenges And Opportunities [011c05ae]: skipping (already done; pass --force to redo)
[721/17421] 2024-04-12 - Psiquantum Mitsubishi Partner To Use Quantum Computers To Design Energy Efficient Materials [8b383cc3]: skipping (already done; pass --force to redo)
[722/17421] 2024-04-12 - Taiwans 5 Qubit Superconducting Quantum Computer Goes Online Ahead Of Schedule [93b4f9f1]: skipping (already done; pass --force to redo)
[723/17421] 2024-04-12 - The University Of New Mexico Launches The Quantum New Mexico Institute [39515bdd]: skipping (already done; pass --force to redo)
[724/17421] 2024-04-12 - Alice Bob Led Research Shows Novel Approach To Error Correction Could Reduce Number Of Qubits For Useful Quantum Computing [bb784fa5]: skipping (already done; pass --force to redo)
[725/17421] 2024-04-12 - Google Quantum Ai Lab A Fusion Of Art Science To Inspire Next Gen Computing [039265e6]: skipping (already done; pass --force to redo)
[726/17421] 2024-04-12 - Phasecraft Suite Of Algorithms Simulates Materials On Near Term Quantum Computers [1728136e]: skipping (already done; pass --force to redo)
[727/17421] 2024-04-12 - India Announces 740 Million Us National Quantum Mission Plans Tech Hubs [5da983c4]: skipping (already done; pass --force to redo)
[728/17421] 2024-04-12 - Oak Ridge National Lab Promotes Quantum Roadmap Reveals Projects Impacts [7f3a8c92]: skipping (already done; pass --force to redo)
[729/17421] 2024-04-12 - Guest Post Quantum The Next Generation How Oqtant Can Be Used To Train The Next Generation Of Quantum Researchers [76b69d60]: skipping (already done; pass --force to redo)
[730/17421] 2024-04-12 - Purdue Connected Quantum Research Sciences Receives U S Air Forces First Quantum Computing Phase Iii Contract [5d58ab87]: skipping (already done; pass --force to redo)
[731/17421] 2024-04-12 - Sam Mugel Unveils Multiverse Computings Role In Nisq The Future Of Quantum Tech [162b0174]: skipping (already done; pass --force to redo)
[732/17421] 2024-04-12 - Psirch Places Amazons Steve Flammia As Quantum Center Director At Virginia Tech In Partnership With Northrop Grumman [c2f1cab2]: skipping (already done; pass --force to redo)
[733/17421] 2024-04-12 - New Approach Could Make Quantum Computers A Catalyst For Computational Chemistry [bf017dd0]: skipping (already done; pass --force to redo)
[734/17421] 2024-04-12 - Silicon Quantum Dot Technology Could Advance Quantum Current Standards [ab495297]: skipping (already done; pass --force to redo)
[735/17421] 2024-04-12 - Mass Producible Miniature Quantum Memory [79c8cbb5]: skipping (already done; pass --force to redo)
[736/17421] 2024-04-12 - D Wave Names Kirstjen Nielsen Former Secretary Of Homeland Security To Board Of Directors [84a95f7f]: skipping (already done; pass --force to redo)
[737/17421] 2024-04-12 - Microsoft Unveils Open Source Azure Quantum Resource Estimator Prepares For Fault Tolerant Quantum Computing [5151cb7c]: skipping (already done; pass --force to redo)
[738/17421] 2024-04-12 - Nato Ensures Quantum Ready Alliance With Its First Ever Quantum Strategy [0528a906]: skipping (already done; pass --force to redo)
[739/17421] 2024-04-12 - Portal For Airbus Bmw Group The Quantum Mobility Quest Is Now Open [af5da362]: skipping (already done; pass --force to redo)
[740/17421] 2024-04-12 - Guest Post Scaling Up Cryogenics For Quantum Computing [558b2177]: skipping (already done; pass --force to redo)
[741/17421] 2024-04-12 - Bless This Mess Qubits Can Last In Cluttered Environments [5ecf2c14]: skipping (already done; pass --force to redo)
[742/17421] 2024-04-12 - Us Tops User List For Chinas Quantum Computer Origin Wukong [0aea2478]: skipping (already done; pass --force to redo)
[743/17421] 2024-04-12 - Quera And Pawsey Partner To Drive Innovation In Quantum Computing And Supercomputing [9e7dee30]: skipping (already done; pass --force to redo)
[744/17421] 2024-04-12 - Accenture And Sandboxaq Collaborate To Help Organizations Protect Data Against Ai Driven Cyber Threats And Quantum Based Decryption Attacks [8a44c536]: skipping (already done; pass --force to redo)
[745/17421] 2024-04-12 - Honeywell Announces The Closing Of 300 Million Equity Investment Round For Quantinuum At 5 Billion Pre Money Valuation [fd9abb84]: skipping (already done; pass --force to redo)
[746/17421] 2024-04-12 - Microsofts Krysta Svore Explores The Present Status Of Qc Its Future Implications On Hansel Minutes Podcast [0e349ce7]: skipping (already done; pass --force to redo)
[747/17421] 2024-04-12 - French Tech Leaders Urge Eu To Boost Funding For Quantum Technology [ae8ca289]: skipping (already done; pass --force to redo)
[748/17421] 2024-04-12 - Rigetti Computing Awarded Innovate Uk Grant To Develop Quantum Machine Learning Techniques For Financial Data Streams [faf3077d]: skipping (already done; pass --force to redo)
[749/17421] 2024-04-12 - Lg Electronics Researchers Develop New Method For Quantum Secure Communication [604bc4cc]: skipping (already done; pass --force to redo)
[750/17421] 2024-04-12 - Tqi Exclusive Harvard And Quera Scientists Say Shuttling Qubits Parallelism May Power The Ride To Practical Quantum Computing [2d559215]: skipping (already done; pass --force to redo)
[751/17421] 2024-04-12 - Qphox Raises E8 Million To Build Towards Quantum Internet [a9954ab7]: skipping (already done; pass --force to redo)
[752/17421] 2024-04-12 - Guest Post The Unexaggerated Magic Of Quantum [311deeef]: skipping (already done; pass --force to redo)
[753/17421] 2024-04-12 - Qdi Systems Secures E5 Million To Scale Quantum Dots Technology For Image Sensors [1c54d2b9]: skipping (already done; pass --force to redo)
[754/17421] 2024-04-12 - Q Ctrl Partners With Usgs To Pioneer Quantum Sensing And Computing Applications [ef228505]: skipping (already done; pass --force to redo)
[755/17421] 2024-04-12 - Chinese Researchers Use Quantum To Protect E Commerce Transactions [7e412e56]: skipping (already done; pass --force to redo)
[756/17421] 2024-04-12 - Finnish Quantum Flagship Receives E13 Million Boost [24063c53]: skipping (already done; pass --force to redo)
[757/17421] 2024-04-12 - Pasqal Joins Forces With Mila To Enhance Generative Modeling In Quantum Ai [cb606f76]: skipping (already done; pass --force to redo)
[758/17421] 2024-04-12 - Asia Times Video Offers Glimpse Of Foreign Tech In Chinas Quantum Computing Program [ea70f5e4]: skipping (already done; pass --force to redo)
[759/17421] 2024-04-12 - Iec And Iso Launch New Joint Technical Committee On Quantum Technologies [432613bb]: skipping (already done; pass --force to redo)
[760/17421] 2024-04-12 - Entrust Introduces First Commercially Available Post Quantum Ready Pki Platform [cf1f32c8]: skipping (already done; pass --force to redo)
[761/17421] 2024-04-12 - Quantum Particles Unlike The Cheshire Cat Cant Separate From Their Properties After All [72a89e73]: skipping (already done; pass --force to redo)
[762/17421] 2024-04-12 - Vinnova Finances A Swedish Platform For Quantum Technology [f51b1279]: skipping (already done; pass --force to redo)
[763/17421] 2024-04-12 - Hold 8 P M Et Riken Selects Quantinuum System Model H1 For Large Scale Hybrid Quantum Supercomputing Platform In Japan [f83c0fb6]: skipping (already done; pass --force to redo)
[764/17421] 2024-04-12 - Quantum Delta Nl Nwo Awards E10 4 Million To 19 Dutch Quantum Research Projects [f0b0c917]: skipping (already done; pass --force to redo)
[765/17421] 2024-04-12 - Energy Storage Materials Discovery Kick Off Three Year Collaboration With Microsoft [4da2e97f]: skipping (already done; pass --force to redo)
[766/17421] 2024-04-12 - Infleqtion Strengthens Strategic Vision With Key Directorial And Advisory Additions [f5bf3c68]: skipping (already done; pass --force to redo)
[767/17421] 2024-04-12 - Polarisqb And Scientist Com Partner To Offer Online Access To Quantum Aided Drug Design [3361aeb9]: skipping (already done; pass --force to redo)
[768/17421] 2024-04-12 - Quantum Thermal Transistors Harnessing Quantum Measurement And Feedback [606fb9e1]: skipping (already done; pass --force to redo)
[769/17421] 2024-04-12 - New Strategy Reveals Full Chemical Complexity Of Quantum Decoherence [e0522715]: skipping (already done; pass --force to redo)
Wrote /home/lv/IDP/idpdeeptech/pipeline/news_outputs/manifest.json (17421 articles)

Running 16652 company pipeline(s) with 4 workers...
Note: parallel terminal output interleaves. Each company's clean trace is in its own site_outputs/<slug>/website/run.log

  FAILED: [772/17421] 2024-04-12 - Scientists Have Eye On Quantum Technology For Age Related Macular Degeneration Detection [4f8d446e] -- site_pipeline exited with code 1
  FAILED: [770/17421] 2024-04-12 - Taiwan Wants First Domestically Produced Quantum Computer By 2027 [5b50bf34] -- site_pipeline exited with code 1
  FAILED: [771/17421] 2024-04-12 - Researchers Make Strides In Generating Stable Qubits At Room Temperature [eb621fe8] -- site_pipeline exited with code 1
  FAILED: [774/17421] 2024-04-12 - Sandboxaq Acquisition Has Good Chemistry Teams Say Move Could Accelerate Drug Development And Material Innovation [5c576a7c] -- site_pipeline exited with code 1
  FAILED: [775/17421] 2024-04-12 - Machine Learning Could Bridge The Reality Gap In Quantum Devices [ff115b83] -- site_pipeline exited with code 1
  FAILED: [776/17421] 2024-04-12 - Insights From Quantum Computing Could Create Light Controlled Memory Tech [7ce575f6] -- site_pipeline exited with code 1
  FAILED: [773/17421] 2024-04-12 - Quera Computing Roadmap For Advanced Error Corrected Quantum Computers Pioneering The Next Frontier In Quantum Innovation [0f11f8da] -- site_pipeline exited with code 1
  FAILED: [777/17421] 2024-04-12 - Spiking Nano Oscillators Provide New Insight Into Quantum Materials And Advanced Computing [1a0f4d89] -- site_pipeline exited with code 1
  FAILED: [778/17421] 2024-04-12 - The Future Of Quantum Computing In Environmental And Health Sciences [a1bfa052] -- site_pipeline exited with code 1
  FAILED: [779/17421] 2024-04-12 - 2023 A Year Of Growth And Collaboration For Quantum Computing [7a4d3e23] -- site_pipeline exited with code 1
  FAILED: [780/17421] 2024-04-12 - Siemens Surecore And Semiwise Team Up To Design Quantum Computing Ready Cryogenic Semiconductors [8158ba8d] -- site_pipeline exited with code 1
  FAILED: [781/17421] 2024-04-12 - Uae Saudi Arabia And Qatar Spearheading Quantum Computing Development In The Middle East [69db5d5a] -- site_pipeline exited with code 1
  FAILED: [782/17421] 2024-04-12 - Sandboxaq Partners With Carahsoft To Expand Distribution Of Cybersecurity And Ai Enabled Quantum Solutions In The Public Sector [206f6293] -- site_pipeline exited with code 1
  FAILED: [783/17421] 2024-04-12 - Baidu To Donate Quantum Computing Equipment To Research Institute [b58f448a] -- site_pipeline exited with code 1
  FAILED: [784/17421] 2024-04-12 - Researchers Securely Teleport Images Across A Network Using Only Light [99164e1b] -- site_pipeline exited with code 1
  FAILED: [785/17421] 2024-04-12 - Quantum Computing And Chill Nisqrc Algorithm Could Allow Qcs To Take On Streaming Data [de84a186] -- site_pipeline exited with code 1
  FAILED: [786/17421] 2024-04-12 - Darpa Excited About Microsoft Psiquantum Approaches To Utility Scale Quantum Computing [96d89edd] -- site_pipeline exited with code 1
  FAILED: [787/17421] 2024-04-12 - Jpmorgan Chase Argonne National Lab Researchers Demonstrate Fast Simulation Of High Depth Qaoa Circuits [75a13583] -- site_pipeline exited with code 1
  FAILED: [788/17421] 2024-04-12 - Ucla Research Park Project To House Quantum Science And Engineering Center [5b40c828] -- site_pipeline exited with code 1
  FAILED: [789/17421] 2024-04-12 - Rigetti Computing Moodys Analytics Deepens Collaboration Sets Ambitious Research Agenda [5a9f50ef] -- site_pipeline exited with code 1
  FAILED: [791/17421] 2024-04-12 - Foundations Fund Tabletop Physics To Probe Understanding Of The Universe [1971a432] -- site_pipeline exited with code 1
  FAILED: [790/17421] 2024-04-12 - How Can Smes Prepare For The Quantum Computing Era [c4e56b59] -- site_pipeline exited with code 1
  FAILED: [792/17421] 2024-04-12 - South Dakota Proposes Center For Quantum Information Science Technology [a1d620de] -- site_pipeline exited with code 1
  FAILED: [793/17421] 2024-04-12 - Looking Back Looking Ahead Quantum Experts Reflect On 2023 Peer Into 2024 [7c5d4ce3] -- site_pipeline exited with code 1
  FAILED: [794/17421] 2024-04-12 - Nvidia Job Posting Shows Company Is Exploring Quantum Generative Ai Capabilities [c670eb1d] -- site_pipeline exited with code 1
  FAILED: [795/17421] 2024-04-12 - Maiora Israeli Startup Quantymize Partner To Develop New Foodtech Ecommerce Potential [dc7d5e15] -- site_pipeline exited with code 1
  FAILED: [796/17421] 2024-04-12 - Nvidia Cuquantum 23 10 Accelerating Quantum Computing With Enhanced Sdk [adc71712] -- site_pipeline exited with code 1
  FAILED: [797/17421] 2024-04-12 - Qubitekk Powered Epb Quantum Network Adds Qunnect As First Customer For Quantum Collaboration [17fb6dcc] -- site_pipeline exited with code 1
  FAILED: [799/17421] 2024-04-12 - German Flagship Project Planqk Sets New Course Towards Economic Use For Quantum [5a8c37e2] -- site_pipeline exited with code 1
  FAILED: [798/17421] 2024-04-12 - Eurohpc Ju Puts Out Call To Host New Quantum Computers [6b93f489] -- site_pipeline exited with code 1
  FAILED: [800/17421] 2024-04-12 - Top Predictions In Quantum For 2024 [98680b7e] -- site_pipeline exited with code 1
  FAILED: [801/17421] 2024-04-12 - Images Hidden In Noise Revealed By A Quantum Inspired Method [4251d176] -- site_pipeline exited with code 1
  FAILED: [802/17421] 2024-04-12 - Rydberg Technologies Demonstrates Worlds First Long Range Atomic Rf Communication With Quantum Sensor At U S Army Netmodx23 Event [3ce9a951] -- site_pipeline exited with code 1
  FAILED: [804/17421] 2024-04-12 - Tuskegee University Team Receives 2023 100000 Ibm Spie Hbcu Faculty Accelerator Award In Quantum Optics And Photonics [2eca83f4] -- site_pipeline exited with code 1
  FAILED: [803/17421] 2024-04-12 - Venture Capitalists Make Predictions On 2024S Quantum Technology Industry [143e7cf1] -- site_pipeline exited with code 1
  FAILED: [805/17421] 2024-04-12 - Japans Third Superconducting Quantum Computer Installed At Osaka University [84edb6ee] -- site_pipeline exited with code 1
  FAILED: [806/17421] 2024-04-12 - Zapata Ai Researchers Show How Quantum Circuits Can Improve Classical Generative Ai [56377b39] -- site_pipeline exited with code 1
  FAILED: [807/17421] 2024-04-12 - Unlocking A Safer Tomorrow With Bharat Ncap A Quantum Leap For Automotive Safety [e691658b] -- site_pipeline exited with code 1
  FAILED: [808/17421] 2024-04-12 - Alice Bob Takes Another Step Toward Releasing Error Corrected Logical Qubit [162697d4] -- site_pipeline exited with code 1
  FAILED: [812/17421] 2024-04-12 - Nqcc Rolls Royce And Riverlane Partner To Accelerate Materials Discovery [44d83cc3] -- site_pipeline exited with code 1
  FAILED: [809/17421] 2024-04-12 - Icosa And Nec Present Quantum Inspired Solution For Financial Markets [efbe3968] -- site_pipeline exited with code 1
  FAILED: [810/17421] 2024-04-12 - Speakers Line Up For Quantum Australia 2024 [6bb06232] -- site_pipeline exited with code 1
  FAILED: [811/17421] 2024-04-12 - Cryptonext Security Raises E11 Million To Reinforce Leadership In Post Quantum Cryptography Remediation Solutions And Accelerate International Expansion [d6bdcd4e] -- site_pipeline exited with code 1
  FAILED: [813/17421] 2024-04-12 - Coo Of Quantum Computing Inc Bill Mcgann Presents A New Quantum Intelligence Platform Leveraging Reservoir Computers [a6318ea2] -- site_pipeline exited with code 1
  FAILED: [815/17421] 2024-04-12 - Wave Photonics Leads 500K Innovate Uk Feasibility Study Project To Create Photonics Chips For Trapped Ion Quantum Computers [e1152189] -- site_pipeline exited with code 1

Interrupted by user. Stopping batch (in-flight workers will finish their current company).
Traceback (most recent call last):
  File "/usr/lib/python3.10/threading.py", line 1116, in _wait_for_tstate_lock
    if lock.acquire(block, timeout):
KeyboardInterrupt

During handling of the above exception, another exception occurred:

Traceback (most recent call last):
  File "/home/lv/IDP/idpdeeptech/pipeline/site_pipeline_batch.py", line 476, in <module>
    main()
  File "/home/lv/IDP/idpdeeptech/pipeline/site_pipeline_batch.py", line 433, in main
    with cf.ThreadPoolExecutor(max_workers=args.workers) as pool:
  File "/usr/lib/python3.10/concurrent/futures/_base.py", line 649, in __exit__
    self.shutdown(wait=True)
  File "/usr/lib/python3.10/concurrent/futures/thread.py", line 235, in shutdown
    t.join()
  File "/usr/lib/python3.10/threading.py", line 1096, in join
    self._wait_for_tstate_lock()
  File "/usr/lib/python3.10/threading.py", line 1126, in _wait_for_tstate_lock
    self._stop()
  File "/usr/lib/python3.10/threading.py", line 1050, in _stop
    if not self.daemon:
  File "/usr/lib/python3.10/threading.py", line 1183, in daemon
    @property
KeyboardInterrupt
Exception ignored in: <module 'threading' from '/usr/lib/python3.10/threading.py'>
Traceback (most recent call last):
  File "/usr/lib/python3.10/threading.py", line 1537, in _shutdown
    atexit_call()
  File "/usr/lib/python3.10/concurrent/futures/thread.py", line 27, in _python_exit
    items = list(_threads_queues.items())
  File "/usr/lib/python3.10/weakref.py", line 463, in items
    with _IterationGuard(self):
  File "/usr/lib/python3.10/_weakrefset.py", line 17, in __init__
    def __init__(self, weakcontainer):
KeyboardInterrupt: 
